Macrophages,Fibroblasts,CD4_T,Unassigned,Plasma,Endothelial,OC,NK_Cells,Pericytes,Normal_Epithelial,Monocytes,Myofibroblasts,Adipocytes,CD8_T,B_Cells,Mast,Mesothelial,Tregs,Smooth_Muscle,BC,EC
CTSL,HSPA1A,MT-CO2,MALAT1,IGHA2,FTH1,FTH1,HLA-C,MT-ND1,FTH1,MT-CO2,MALAT1,MT-ND1,B2M,HLA-C,VIM,MALAT1,CARD16,MALAT1,SEC61G,IER3
THBS1,JUNB,MT-CO1,FLG,ISG15,VIM,HSP90AB1,KLF2,KRT81,MT-ND1,MT-ATP6,GADD45B,MT-CYB,TMSB4X,SARAF,MALAT1,MT-CO1,ANKRD12,FTL,MT-CO3,MT-CO1
B2M,RARRES2,TMSB4X,MT-ND2,HSPB1,IGFBP7,NCL,MRPL10,CXCL3,ACTB,MT-ND1,MGP,MT-ND2,VCAM1,CEP57,CIRBP,KRT81,SLC38A1,MT-ND1,MT-CO1,CXCL8
CCL20,ACTA2,LINC02273,INSM1,SELENOK,MT-CO2,DPP10,GBP2,CCL20,TPM1,RPL13A,FTL,CYP1B1,TRAT1,SP100,MT-ND2,MT-ND1,YWHAZ,S100A11,MT-ND1,UBC
SRGN,DNAJB1,NDUFS6,YBX1,MAP3K8,MT-ND3,FTL,CD3D,IER3,PPIA,ACTB,MT-ND3,NFKBIA,TUBA1B,PPM1K,STMN1,RPS21,SOCS1,RPS21,FTH1,FTL
PLAUR,RGS16,TMEM106C,MCF2,DUSP5,FTL,EPCAM,TAF1D,ANXA1,YBX1,NDUFS5,VIM,GADD45B,LITAF,ARID5B,ST3GAL6,KRT19,USP12,MGST1,MT-ND4,MT-CYB
TNFAIP6,HSPA1B,COX6C,RGS13,HLA-DPA1,MT-ND2,CLDN3,PSIP1,RPS21,LINC00507,S100A6,APOE,YBX1,MYL12A,PNRC1,RPS6KA5,GSTP1,SQSTM1,PPP1R14B,KRT81,MT-ND1
CTSD,TIMP1,SELL,PSMA7,ZBTB38,IER3,CFL1,CD81,ATP5F1E,MROH2B,KRT18,ISG15,CD74,PSMB8,MGP,TOMM7,UQCRH,ATP1B3,KRT16,YBX1,SAT1
SLC1A2,IL1B,ADTRP,PTPRO,HLA-F,KLF6,CLDN4,PSMB8,ACTG1,KRT17,CCT6A,IFITM3,S100A10,APOBEC3G,KMT2E,HSPA5,EIF4A1,HMOX1,MYL12B,HSP90AA1,KRT17
CEMIP,PRAME,SAMHD1,PAX9,ICAM3,S100A11,NEAT1,PFN1,HMMR,UQCRH,NDUFS6,CXCL3,BTG1,NDUFA4,TOMM7,RBM3,UQCRFS1,VIM,HSPE1,PSG6,IGHD
EREG,MYL9,FBXO32,RRM2,VOPP1,CXCL3,TSPO,ORAI1,CDCA3,CCT6A,HMGN1,RPS29,YBX3,HMGN1,CEBPB,CCDC85B,S100A16,,LMNA,ACTB,COX6C
MYL6,DUSP1,LSR,CCNA2,ERN1,YBX1,RAN,TRBC2,SPARCL1,HSP90AB1,STMN1,B2M,CXCL2,HSPE1,,GATA2,TM4SF1,,IFITM3,RPS21,PLAU
C1QC,G0S2,BOLA3,BIRC5,GABARAPL1,COL4A1,TACSTD2,RAB27A,S100A2,ZFAS1,ATP5MG,COL1A2,ACTB,GABARAPL1,,RBMS1,COX8A,,ZFAS1,S100A4,CLDN4
MT1F,HSPA6,RPS10,GTSE1,INSR,UBC,CLIC1,,CDC20,EIF3G,SSR4,CDHR1,JUND,ALOX5AP,,RPS10,XAGE3,,CLIC1,PPP1R14B,HSP90AB1
SELENOP,CCDC144NL-AS1,GZMK,PTPRN,MT-ND4L,LGALS1,LAPTM4B,,UBE2C,RACK1,KRT81,C7,CEBPB,KLRB1,,ATP5PF,HSPD1,,SQSTM1,SLC1A6,PLAUR
SLAMF1,PLA2G5,LINC00239,HMGN2,MT-CO3,CCL20,CCT5,,MKI67,SERBP1,CLTA,IFIT2,TUBB4B,MT-ND1,,TAGLN2,HSPA6,,LDHB,DEK,RPS21
TPM4,FN1,ARRDC2,S100P,MT-CYB,HLA-C,DDX5,,TUBA1B,CLIC1,TMSB4X,RGS16,DYNLL1,AUTS2,,ANXA2,PCLAF,,YWHAZ,SSR4,HMGA1
TPST1,S100A4,ICAM3,PENK,MT-ND4,HLA-A,CHCHD2,,GINS2,ATP5MG,DSTN,RARRES2,LPL,,,ITM2A,CTAG2,,CLU,PABPC1,HLA-C
PSIP1,NNMT,SC5D,CCNB1,MT-CO2,ACTG1,TPM4,,ASPM,TAC3,CALM2,TMSB4X,ENO1,,,TYROBP,MCL1,,EPCAM,HMGN1,NEDD9
OLFML2B,CDK1,PRELID1,RPS17,,CST3,RPS29,,CEP55,RPS26,DYNLL1,HSD11B1,CYP1A1,,,PPIA,CALML5,,TOMM7,CYBA,G0S2
BCL2A1,LRRC17,ILF3-DT,PEG10,,COL4A2,PPA1,,TPX2,MAGEA12,RPL23,CCNL1,IFI27,,,NCL,CLIC3,,PRDX5,PRR9,CEBPD
TMEM106C,LUM,HMGB2,PFN1,,CD63,RPS10,,LGALS1,HSPD1,NUCKS1,STAR,IL6,,,SELENOS,NDC80,,AARD,CCT5,IGFBP2
C2,GSTP1,HMGN3,PRDX1,,GADD45A,SERPINB4,,GSTP1,SUN3,EIF2S2,CLU,HSPD1,,,GSTP1,CXCL10,,TPM4,DCD,KRT18
RCAN1,AURKA,MRPL57,KRT6A,,SH3BGRL3,NFKBIA,,CALD1,FLNA,PRDX2,SERPINE1,TXNRD1,,,,RAD21,,IQCG,IER2,CDKN1C
BRI3,IQCG,DNAJC9,LAGE3,,ID3,ANXA1,,IFITM3,FLG,UBB,SPARC,CSTB,,,,TSTD1,,NNMT,HMGB1,S100A16
UBE2S,CENPF,HPGD,TACC3,,HSP90AA1,SOX17,,RPS20,HMGN1,RPS10,CFI,ATP5F1B,,,,RRM2,,CA2,PPA1,HSPB1
DMXL2,TRAC,GADD45GIP1,ATP5MC3,,FSTL3,SERBP1,,ACTB,VOPP1,SPINT2,FMO1,ARL4C,,,,PI3,,ID3,PDCD5,PABPC1
IMPA2,TRIM72,PLP2,KLK5,,HSPG2,PCNA,,PFN1,PRR9,TSTD1,UBB,FOSB,,,,ART3,,CD81,S100A7,RARRES1
BEX3,CHL1,UCP2,BEX1,,ZFP36L2,PCDH17,,STMN1,YWHAZ,SNRPG,PNRC1,EGR1,,,,GTSE1,,NDUFS5,CALM2,JUNB
TMIGD3,HHEX,SMCHD1,HMGB3,,ANXA1,SRSF7,,CCL2,MAGEA6,MYL12A,RBP1,TPI1,,,,ASPM,,CHMP1B,AKR1B1,HLA-A
TTYH3,WIPF3,LMO7,SLC2A4RG,,TPM4,MT1G,,PABPC1,PIN1,CRABP2,SYT8,LDHB,,,,CKS1B,,TSPO,LDHA,TNFRSF12A
HLA-DQA2,UBE2T,POLR3GL,MRPL12,,CCDC85B,GPC3,,LSM4,TPM2,KRT17,CPVL,TACSTD2,,,,QPRT,,TMEM238,NCL,KRT7
SDC2,PLA2G2A,TUBA4A,ROPN1,,NFKBIA,EBNA1BP2,,ANXA3,MYL12A,TECR,IRF1,TNFAIP3,,,,ELF3,,APRT,UQCRFS1,PAX8
ADAMDEC1,TCF21,SH3BGRL3,CKS1B,,IGFBP5,TAGLN,,TYMS,COX8A,EIF3M,TOMM7,ACSL1,,,,CDCA8,,MAL2,SLC3A2,IL1RN
STOM,BTG2,CD27,AARD,,CD81,RGS10,,ITGBL1,KLK5,LDHA,LY6E,FLNA,,,,TCEA3,,RHOD,CLDN10,LAPTM4B
CLIC1,IFITM3,P2RY8,RN7SL1,,MAP1LC3B,NOP56,,CLSPN,PSMA7,UQCR10,ACP5,HMOX1,,,,SUSD3,,COX7B,MARCKS,APOBEC3A
SSTR2,TOP2A,RANBP1,MAL2,,JUN,MT1E,,POSTN,EIF2S2,ENO1,SERTAD1,FKBP5,,,,DLGAP5,,IFIT3,ANXA1,LAMB3
TNIP3,GJA4,MED30,ROPN1B,,TAGLN2,ODC1,,NDUFA4L2,RARRES1,SNU13,IFI44L,GLA,,,,SIK1,,POLR2L,HTR2A,CD9
CD47,ISLR,ATP5MC2,MRPL51,,PDLIM1,ATP5PF,,BOLA3,RPS21,ATP1A1,CXCL10,EIF4A2,,,,SH2D2A,,ATP5F1E,CSAG1,DDIT4
ST3GAL5,HLA-DRB5,BPGM,BANF1,,VWF,AOC1,,CLDN7,SLC25A5,NHP2,EGR3,DDX21,,,,ANLN,,NQO1,ATP5MF,ITGB8
CFD,KLF10,ZBTB16,ARL14,,CD99,LGR5,,COX7B,PSG6,SLC3A2,BHLHE40,LAPTM5,,,,PDCD5,,UAP1,LAMA4,VMP1
SLC2A4RG,CST1,NDUFB1,CCNB2,,HLA-DPB1,SLC25A5,,RAB11FIP1,RPL23,MRPS15,SERPINA5,ICAM1,,,,TK1,,METRN,KRT34,MCL1
NNMT,PITX1,TRIM8,CCDC85B,,VWA1,EMP1,,SCN4B,ADCYAP1,CITED4,FNDC1,ID2,,,,CMBL,,FDPS,BCAP31,EMP1
METRNL,POU3F1,TRAF3IP3,PCNA,,GABRD,ANXA2,,FABP4,MRPL4,FAM111B,EGR2,PSAP,,,,C21orf58,,ANXA11,PRDX2,LINC01480
DYNLL1,TCEA3,CALM1,MSLN,,CLIC1,SQLE,,OAS1,MARCKS,ATP5MC3,CLEC11A,SOAT1,,,,NPR3,,NHP2,NDUFB2,CD55
GLIPR2,CENPU,BCL11B,PI3,,PHLDA1,CYBA,,PAFAH1B3,INSM1,MRPL4,HLA-DRB1,RSAD2,,,,SLC44A2,,PPP1CB,FLNA,GPRC5A
SDC4,EGR3,GATA3,MT-ND5,,HLA-DQB1,GTF2H2,,C12orf75,TUBA1B,MYL6,GPC3,CSRNP1,,,,RTKN2,,CBX3,IGFL2-AS1,PNRC1
TNIK,PLAG1,CKLF,FADS1,,CLDN11,SNRPE,,STMN3,RPS10,BANF1,MARCKSL1,ADAMTS1,,,,PRDX1,,SNHG8,IFITM3,SPRR2A
CCR1,TNFRSF11B,JADE1,C21orf58,,EIF5A,LSM2,,TSPO,NDUFB7,RPS21,PTX3,HLA-DPA1,,,,RBP7,,PLIN2,PKM,IFT57
CSF2RB,KLK1,IFI27L2,FASN,,TNFAIP8,SOX18,,A2M,CYBA,CENPF,MRC2,FAM107A,,,,AURKB,,CKS1B,CYYR1,CCL4
MVD,ANXA3,RAD9A,MATK,,MGLL,ATAD2,,TMEM176A,XAGE3,LMNA,MX2,SRSF7,,,,NOTCH3,,NUDT1,SFRP1,RCAN1
MAFB,HILPDA,TSHZ2,ALDH1A3,,THBD,FNDC3A,,CYGB,XAGE2,CDC37,TIMP2,ATP13A3,,,,ROPN1,,SDCCAG8,DKC1,LIF
EHD1,PTGIS,ARHGAP15,VAMP8,,SPTBN1,SBDS,,PLAC9,S100A11,PFN1,PTGIS,ARHGDIB,,,,NUDT1,,EIF4EBP1,LAGE3,NFKBID
MXD1,ACTG2,OXNAD1,CPVL,,COL6A3,DNAJC9,,KRT8,CHRDL1,PPDPF,SOCS3,MIDN,,,,AURKA,,NAA38,ANKRD11,MLF1
PITPNC1,LAG3,CD5,ZFAS1,,CNKSR3,VIM,,RPL39L,PRB4,LINC01133,LTC4S,ATP6V1B2,,,,CLDN4,,RALA,CYP1B1,HLA-DRA
ITGB2,ANKRD65,PHF10,MCM7,,IGKC,FAM111B,,YBX3,LMNA,SFRP1,OSR1,THBD,,,,DBI,,PRKDC,UQCRQ,KLK7
NUCB2,MFAP5,ZNF506,PSAT1,,IGFBP4,AQP3,,ATP5PF,CYYR1,POLR2I,TSTD1,PTGER4,,,,CKS2,,TNFAIP2,NUCKS1,ODC1
APH1B,SNAP25,RNPEPL1,DBF4,,PCDH12,COL3A1,,ID1,PKM,ATP5IF1,P4HA3,HBEGF,,,,NME4,,DEK,CYCS,CX3CL1
RUBCNL,CPE,MIS18BP1,NDUFB7,,CUBN,KLK6,,CNKSR3,RCAN1,FDPS,FIBIN,PRDX2,,,,NEK2,,CRNDE,CRYAB,PMEPA1
RAB31,F13A1,CDC42EP3,BISPR,,HAPLN1,FKBP1A,,MX2,EPHB6,EIF5,SERPINA3,ISG15,,,,TPD52,,GFOD1,WNT6,SNU13
NUCKS1,SERPINE1,CXorf38,RTKN2,,NDUFA4L2,TNF,,LAGE3,SLC1A3,CYCS,PODN,JAM2,,,,GINS2,,DDIT4,CSTB,FCHO1
CPVL,TMEM215,C1QBP,LINC01133,,PLAC9,PROM1,,NDUFB7,BNC1,LMO4,CEBPA,OSGIN2,,,,ELF5,,SPON2,S100A16,LINC01215
PSMB8,RFLNA,NMRK1,TMPO,,C1QTNF1,ARID5B,,CYB5D1,DYNLL1,EPHB6,ITM2A,RPS10,,,,FKBP4,,MDK,AP2S1,SLC25A6
BATF,DSTN,LPAR6,STEAP1,,TUBB4B,HIF3A,,PPARG,C5orf58,ANAPC16,EFEMP2,BIN1,,,,LANCL2,,IFRD1,C8orf33,PRDX1
MFHAS1,HLA-DQB1,DDB2,MMP7,,EPAS1,TWIST2,,DNAJC9,MSTN,HINT2,LINC01116,GSN,,,,PRR4,,UBE2S,UPF3B,HORMAD1
NCKAP1L,GASAL1,ZNF831,GMDS,,CTHRC1,RBM3,,POLG2,WNT6,ATP1B1,LEPR,COX8A,,,,GMNN,,ATP5F1B,AP1M2,CD40
ATP5PD,NET1,HMOX2,TRNP1,,THY1,CPXM2,,LDHA,CRCT1,AP1M2,PLK2,IRS2,,,,BAMBI,,BCAP31,TWIST2,LMNA
MIS18BP1,CCDC102B,FLNA,CDKN2A,,CAV2,ECT2,,SLC2A4RG,PHGDH,EIF5A,VWA1,LITAF,,,,SHC4,,TBCC,IRAK1,HEBP2
DNAJC15,CCDC34,ETS1,CYB5A,,SPRY2,PRDX2,,AKR1B1,PLP1,ATP5ME,HSP90AB1,NPDC1,,,,UQCC2,,GBP1,CDKN2A,JUP
CPM,NEXN,CLK4,ATOX1,,CAVIN1,CLDN6,,NAA10,CAV2,CRNDE,LYPD3,SMS,,,,ID2,,S100A13,EMD,ACTN4
WIPI1,CACNA1H,NPAT,MHENCR,,FLT1,BST2,,MIS18BP1,ILF3-DT,ISYNA1,BTG2,MAP2K3,,,,ANAPC16,,SQOR,CD33,CHL1
AP5B1,IL19,TUBA1B,APOBEC3C,,PECAM1,KRT23,,HOXC9,HEPACAM2,TMEM238,CERCAM,TMEM273,,,,CCDC14,,RIT1,UBE2S,TP53BP2
SEC61G,COL8A1,UTRN,NEXN,,DDX5,UBE2C,,CCDC102B,ATP5MF,MRPS34,OAS3,CD83,,,,DAPK1,,CTSC,S100A8,CP
PCBD1,ADIRF,BIN1,LINC00662,,DYNLL1,GUCY1A2,,RPL36A,AZGP1,HES4,CREB3L1,TRIB1,,,,PTCHD3P1,,ATP1A1,CLDN7,SMS
CDKN1C,C3,YPEL5,LMO7,,ARL4C,BRI3,,NOP53,PTGIS,SUN3,SUGCT,PPP1R10,,,,MYC,,MAP3K8,ANKRD1,SOD3
RAPGEF2,GPM6B,SUPV3L1,NDUFA1,,NFKBIZ,GPAT2,,EIF3G,CAMK2N1,SLC44A2,HSD17B14,DRAP1,,,,CCDC34,,ASAH1,UQCR10,C19orf33
HCK,RPL39L,A1BG,KRT5,,TNFRSF4,CAPG,,CFH,LPL,TOP2A,SCG5,NUCKS1,,,,LINC00938,,ATP5MC2,SGCD,EIF1B
SLC43A3,SYTL2,HERPUD2,PHPT1,,ABLIM1,FGF9,,VCAM1,LY6H,IGFL2-AS1,SHF,HLA-DQB1,,,,MATR3,,PARP14,LBH,CLIC1
APRT,DNAJC12,PBXIP1,ZNF597,,PALLD,RFXAP,,IFIH1,TOMM40,PCLAF,SGCD,COX7B,,,,PEG10,,STK17A,TSTD1,PPDPF
TCEAL8,FMOD,FOS,IL17RB,,NR4A3,CDK1,,KRT18,NEXN,KRT5,GPX4,SNHG12,,,,ATAD2,,SNRPN,AIM2,ANKRD12
FAM111A,IRF1,FBXO34,KRT15,,SERPINF1,KIF20B,,LHFPL6,COL15A1,GSTP1,EMILIN1,AKR1B1,,,,TLR1,,RDX,SPRR2A,HIF1A
CASP4,GPRC5C,RASSF5,SCO2,,COL6A1,FN1,,SMIM10L1,IGFL2-AS1,CLSPN,STK17B,ATF3,,,,ZNF117,,CREG1,CLIC5,ETS2
NDUFC2,METTL26,NCOA7,DDB2,,KITLG,PLIN2,,YWHAZ,ISYNA1,GAGE1,GXYLT2,HLA-DPB1,,,,MIB2,,LGALS1,SSRP1,RSAD2
MGST3,EGOT,RSBN1,PLPP4,,UNC5B,NSMCE3,,PERP,BANF1,ROMO1,TSHZ2,TIMP3,,,,MT-ND4L,,ODC1,FOXQ1,BEX3
SMOX,NID2,MPHOSPH8,PAFAH1B3,,LIMS1,S100A8,,TNFAIP8,MCF2,CD9,OGN,CITED2,,,,ZWINT,,PMP22,PPIE,BEX4
RNF168,ITGA11,XPC,LAMC2,,NDUFA4,MANF,,SNHG8,SST,TOMM40,TP53TG1,SLC25A37,,,,FXYD5,,KRT19,SLC5A3,BEX2
SEC11C,PRDX5,NCKAP1L,BORCS5,,APOE,MEIS1,,CYB5A,LMO4,METTL26,BST1,SLC7A11,,,,LMNB1,,TMOD1,JUN,SNX9
HECA,CPVL,MAP3K2,EMD,,ARHGAP6,SMIM10L1,,ATOX1,IMPA2,KRT14,CPQ,ASAH1,,,,OXT,,NAV2,UBASH3B,SELENOP
TCIRG1,PRDX2,CD99,CALB2,,CCDC80,KLHL14,,DCN,CKS2,MYC,MGST3,ARHGAP10,,,,DNAJA4,,CLMP,NEXN,LRRFIP1
DEK,NFKBID,HNRNPAB,PARP4,,ATP5PF,PTP4A3,,MARCKSL1,PFN1,APCDD1,PSMB9,KDSR,,,,VAMP8,,MIR222HG,ARHGAP25,CLDN7
CBX3,RRAD,IL2RG,RNF223,,OAS1,MARCKS,,MYL9,S100A2,TK1,CD99,RAB21,,,,MRPL33,,MAPK6,NDC80,SDF2L1
ACAP2,HMGB1,ANKRD44,RUNX3,,FCGRT,SMC2,,POLR2J3,GRIK1,TLN1,HOPX,CAPG,,,,NRIP3,,CAVIN1,NLRP3,PPP1R14B
PAPSS2,CCDC85B,PHC3,MLLT11,,CDKN2A,NDUFV2,,TUBB2B,PCDH17,BCL11B,SLC1A3,ZMIZ1,,,,AHNAK2,,FNIP2,TYMS,DUSP2
THEMIS2,SYNPO,MRPL10,CLIC1,,BHLHE40,WNT4,,GSN,CASP14,PHKG1,ABCG1,PHF1,,,,CSTA,,CDH13,ARGLU1,FBXO2
SECISBP2L,PLAC9,USP15,LYAR,,CDH5,ANP32E,,IL32,ADAMTS12,NOP56,ZNF331,NFKBIZ,,,,CENPW,,LTBP1,ATP5ME,IDO1
STAT2,NAA38,MGAT4A,RPL22L1,,TSPAN18,N4BP2L2,,BCL2,HEBP2,ZWINT,PROS1,PIK3R1,,,,OVOL1,,AKAP13,RMRP,SEMA3B
NDUFA1,CMBL,DDX39B,ITFG2,,MCAM,COL4A1,,SSH2,GRAMD1B,DUT,AREG,MRPL4,,,,FXYD6,,ELK3,AKR1C2,NUPR1
ZFP36,NEDD9,XRN1,RFXAP,,CLEC14A,ITM2C,,CD99,SOX11,DIRAS3,FSTL3,CYBA,,,,ARGLU1,,HBEGF,GGCT,MUC4
TUBB6,ACKR4,MALT1,SMYD3,,CMPK2,HLA-C,,OLFML2B,TRIM44,RCAN1,CHI3L1,IRAK1,,,,CCDC68,,MICAL2,APOBEC3C,MED10
NORAD,DMKN,CCL5,ATF7IP,,LRRFIP1,RTKN2,,SH3BGRL,CMSS1,ATP5MC2,BHLHE41,PIM1,,,,TJP2,,CNN1,INHBA,DOK5
JPT1,ZNF503,IFNGR2,CCND3,,LAMA4,CALM1,,ERRFI1,CALML5,SPDEF,GGT5,TGFB1,,,,PPP1CA,,GUCY1A2,TLE4,IDO2
VAMP2,SERPINI1,KLRD1,C2CD5,,GNG2,CAMK2D,,DUT,TWIST2,EGFLAM,RPS10,PSMD6,,,,TSC22D1,,TGM2,CEBPB,KLK6
PSEN1,GPC3,PMAIP1,GFOD1,,CCNL1,HSPA5,,TPBG,AARD,ZFP36L1,RRAD,GLUL,,,,CRISPLD2,,PPP1R12B,LINC00702,RASD1
HLA-DMB,NME4,MGAT1,TTC39C,,ADA,IDI1,,ATP1A1,CENPX,C1QBP,METRN,CTSZ,,,,COL9A3,,MYH11,PCDH7,KLHDC7B
PLK3,ANG,MCL1,FAM50A,,ARHGAP22,OAS3,,TPPP3,OLFML3,PRKDC,ELF3,CDKN2AIP,,,,TTYH3,,TPM2,PRKCQ,BHLHE40
MANBA,ECT2,SPARCL1,TET1,,TUBB2A,PARP1,,MYO1B,ARHGDIB,TAGLN2,PARP14,MAP3K20,,,,RERG,,PGR,SNHG15,UQCRFS1
N4BP2L2,KCNE4,PNPLA8,CDH1,,NR2F2,TAGLN2,,NDUFA1,MAL2,SUSD2,DUSP4,MYO9B,,,,PEG3,,LMCD1,JAKMIP2,PPP1CB
EVI2B,LRP1,PDE4B,JUP,,RASA4,BCL11A,,ANTXR1,LINC01133,MCM3,IRF9,CHCHD7,,,,PFN1,,,NOTCH3,CD59
UBE2Q2,TIMP3,GSN,SUPT20H,,C2CD4A,ZNF506,,RNF213,CTSC,FGFBP1,CMBL,KLF9,,,,DAPP1,,,LSM2,RAB3IP
RBM33,COL5A1,CLIC4,POLM,,CYB5A,NRP2,,TAF1D,VCAM1,CENPW,PBX3,ANXA11,,,,PARP10,,,CD24,IL6
PLEKHM2,ATP5MG,DNAJB1,BCAT1,,COL12A1,FOXO1,,WDFY2,SQSTM1,ACTN4,HMGN3,NAA10,,,,FOXC1,,,SERPINB2,FAM110B
EZH1,SLC39A4,ATXN1,CTBP1-DT,,GADD45G,DBI,,TES,LINC00702,OSR2,CTSZ,RHOQ,,,,SMURF2,,,ANGPTL6,ATP13A3
ITGAX,B3GALT4,MYDGF,ELOB,,ELOB,AKAP12,,HES1,UQCRQ,C21orf58,CYB5A,PCF11,,,,SCD,,,MYO10,AKAP12
ACOT9,CDKN2D,IFNGR1,ERAP2,,PER1,CXCL5,,SAP30,NDUFB2,HMGB2,CCDC80,NCOA1,,,,GCSH,,,GPNMB,IFI27
HLA-DMA,CSRP1,SPART,FKBP5,,PMEPA1,CA8,,DKK3,VSTM2A,WLS,PCBD1,EMD,,,,SLC39A8,,,TMEM156,IL11
NUPR1,CSTA,CTHRC1,EPHA4,,ITM2A,ISYNA1,,SGCE,RANBP1,CSKMT,ETFB,ZFC3H1,,,,LMO4,,,LST1,PHLDA2
NFKB2,ARHGDIB,GLA,TNK2,,PDE4DIP,EXT1,,SMAP2,MRPL51,CAST,COL6A3,TTC3,,,,SNRPG,,,KRTDAP,FKBP10
HSPE1,MIDN,SMIM3,ST6GALNAC4,,TAGLN,FAT1,,ZBTB10,ANKRD10,DDX21,ANGPTL2,CREB5,,,,CCDC88B,,,CARD6,SNCG
HERPUD1,MRC2,PLIN2,CSKMT,,ANKRD12,NEK5,,SLC16A1,LINC02154,UBE2C,FAP,CHSY1,,,,ATXN7,,,TFPI,IGLC2
MORC3,EFEMP2,NCS1,TSPAN4,,MYO1B,NAMPT,,HEXIM1,FKBP1A,RCAN2,CYGB,GPATCH8,,,,TUBD1,,,RCAN2,LPIN1
MYH9,TNFSF12,DAPK2,ZBTB25,,IFNGR2,GPRC5A,,CALM1,CNTN5,NNMT,PCDH7,LIMA1,,,,TIMP2,,,ATP5PD,ABLIM3
CYB5A,LDHA,BCL2A1,CMSS1,,CTSB,CBX3,,CTSZ,WTIP,LAPTM4B,ARL4D,DYRK1A,,,,HMGN3,,,MAP3K20,LRCH2
ARFGAP3,NEFH,ITGA1,ANKRD36,,PIM1,MYBL1,,RPS6KB1,GLT8D2,PSAT1,PAFAH1B3,SNHG15,,,,CSTF3,,,SERPINB1,UCHL1
MOB2,CARHSP1,ANXA2,HAGHL,,CITED2,BTG3,,CYBA,NFIX,MAP3K20,RGN,TPM1,,,,KLK10,,,ADAMTS6,IRAK2
CIRBP,TINAGL1,NECTIN2,NAAA,,TESC,OSGIN2,,SMOC2,PRKAR2B,GINS2,SMYD3,GIMAP7,,,,LCN2,,,EBNA1BP2,DSTN
CD109,CNBD2,COL1A1,CALML5,,ITGB4,CEP152,,TNFAIP2,BTG1,FASN,LMNA,LMO4,,,,RBL2,,,MYC,TMBIM1
NCS1,PALM,MAPK6,ENO2,,PRCP,RNF19A,,FILIP1L,HHIP-AS1,IRAK1,METTL26,POLR2J3,,,,TUBA1B,,,PTGIS,MAP3K8
NRIP3,ICAM3,MGLL,SDCCAG8,,DDX21,SDC4,,CBX3,FAM111B,STEAP4,STAT2,HSPA1B,,,,KAT6B,,,HLA-C,HOTAIRM1
DAPK1,RBM38,KLHL21,SLC39A8,,MARCKSL1,MYL12A,,EBF1,LRCH2,FAM111A,LAMB1,GSTO1,,,,SDC1,,,CENPX,CLDN10
ARMCX1,IGFBP5,CTTNBP2NL,NREP,,ANXA3,MRPS34,,TBC1D1,TCEAL4,LSR,NBL1,CDH5,,,,FAM43A,,,NCOA7,PDCD5
UFM1,NDUFB7,EIF4A1,CAMTA2,,SLC38A2,BMP2,,C1orf54,ZIK1,MGST3,GBP3,SPRY1,,,,DNAJC9,,,MOXD1,EIF3G
TNFAIP8,CFH,CD68,EPHB6,,SCN1B,CTSV,,CSRP1,NR2F1,TRIB3,PALMD,TCEAL9,,,,PGBD5,,,C1QTNF1,ARF4
TRIB1,LAMP5,EMP3,RBL2,,CSRNP1,RHOV,,ADAMTS12,TNFRSF12A,PITX1,LOX,ZEB1,,,,SEC24C,,,PLA2G2A,FKBP1A
CTTNBP2NL,GPX7,SESN2,SLC20A1,,DOCK9,TMEM243,,EIF4G3,BARX1,CKAP2,HLA-E,PHACTR2,,,,TET1,,,PSMB8,LY6E
PSMD6,LYPD3,IGFBP7,ARL6IP6,,HLA-DMA,TFAP2C,,KPNA2,MAP3K20,SETBP1,REL,APOL3,,,,PPM1D,,,7SK,DRAP1
NFX1,ANKRD35,MSC,PSMB9,,TSPO,ZFAND5,,GGT5,BCAM,PLK2,CTSS,CD93,,,,DUT,,,TSLP,EFNB1
ST8SIA4,SH3BGRL,GADD45G,HEATR6,,A1BG,NEK2,,HEY1,NHP2,TGFB2,FKBP7,ISG20,,,,RPL22L1,,,LGALS3BP,APOBEC3G
MAFG,FILIP1,LGMN,TPM2,,COX7B,TMEM74B,,MYADM,CCDC71L,UCP2,MAP3K8,SPTBN1,,,,PCMTD1,,,BACE2,EVA1A
ZBTB21,NFIA,SMOX,USP13,,HBEGF,FAM3C,,NIN,LAPTM4B,YWHAH,TSPAN4,SNRK,,,,DUSP8,,,APLP2,TSPO
ZBTB43,CHN1,PTGS2,SOX11,,VASH1,VCL,,MYLIP,CCDC34,CDKN2D,PDPN,AFDN,,,,GJB3,,,BCAT1,RPS20
ZFYVE16,COL11A1,ZFAND5,DMXL2,,CHMP1B,PLPP3,,PDLIM7,ATP5ME,MT-ND4L,LMO7,CXCR4,,,,PDK1,,,SLC16A10,HSPH1
UBL3,SULF2,MAN1A1,EIF2S2,,NR4A2,GPNMB,,LAP3,SLPI,ASNS,MTSS1,MEF2A,,,,RGS16,,,LSR,CXCL16
CYLD,GTF2H2,ID2,LYPD3,,YPEL5,CKAP2,,ANXA2,TECR,ELF3,MCC,PXDN,,,,IFFO2,,,NUDT1,MFSD2A
EPC1,NAPRT,COL1A2,DCP1B,,AOC3,ATP6V1B2,,EML4,TAGLN,CENPA,DEPP1,PGM2L1,,,,PSIP1,,,MEF2C,OASL
PRKCH,EIF4EBP1,PPP1R15A,PINK1,,PTMS,IFNGR1,,HMOX1,C12orf50,DLGAP5,CAVIN2,ST3GAL6,,,,KLF4,,,PPP1R3C,CENPW
EEA1,CCL20,COL4A2,UQCRHL,,RAPGEF5,SELENOK,,RIT1,SOX4,PRKACB,HSPA6,RNF19A,,,,HILPDA,,,SUSD2,IRS2
TBXAS1,FZD7,AMPD3,STEAP2,,DUSP1,ZNF384,,JARID2,ADTRP,KIF2C,CMTM3,F3,,,,FRMD4A,,,CDH2,RAP1B
DMXL1,CA12,RAMP1,UBASH3B,,C1S,CX3CL1,,EDNRA,FAM20C,ICAM3,IFNGR2,SOX18,,,,HMGB2,,,OLIG1,HOXB2
PLEK,MAFF,FGF2,SERINC2,,UBE2S,NME8,,ARRDC3,CALB2,TUBB4B,SBSPON,CYSTM1,,,,CCDC88A,,,EVA1A,PDLIM7
YBX1,PER2,GLIS3,SLC38A1,,VAMP5,CCNB2,,MANF,ROPN1,MRPL57,SHC2,RHOJ,,,,PHF12,,,COL14A1,KRT16
XIST,MT1F,NAV3,ZNF711,,SERTAD2,IRS2,,KLF13,GNE,DNAJC9,COL8A2,MYCT1,,,,NAAA,,,MCTP1,IFIT2
ATP2B1,PLCB1,APOE,CTSV,,NINJ1,WASL,,SLIT3,IGSF21,BCAM,SYNPO,PLPP1,,,,DTYMK,,,GJB3,PRRX2
PNRC1,LRRN4CL,FJX1,CD47,,RGS10,LY6D,,ETS2,FEZ1,DCXR,HSPB1,WWTR1,,,,LAMB2,,,SH3KBP1,CD200
TULP4,MCAM,PTGER3,NBEAL2,,PTPRM,NCK1,,TCEAL9,LOXL2,PXDN,TIFA,MECOM,,,,MCM5,,,BCL11B,TUFT1
ARHGDIB,TTC3,PAMR1,RHOV,,CYTL1,CFLAR,,DDIT3,ALDH1A3,RPL36A,SMAD7,PALMD,,,,PHLDB2,,,CDKN2D,ATAD2
ABCA5,NCKAP5L,,LAMB1,,MRPL33,PRTFDC1,,AXL,CNRIP1,LMNB1,TUBB2B,RFLNB,,,,NOP2,,,TOMM40,HMGA2
ACAT2,FKBP10,,ODF2L,,ADRB2,SYNE2,,CTNNB1,UQCC2,TACC3,BBC3,JCAD,,,,STK17B,,,MYOM1,CSTB
LAT2,FGF18,,MFSD4B,,LTC4S,SMAD3,,TMEM204,EVI2B,GUCY1A1,SRPX,DHRS3,,,,RGS14,,,GLT8D2,ATP5MC1
PPP1R10,MARCKSL1,,DAPP1,,CASP4,MEIS1-AS2,,BNIP3L,GLS,DMKN,HLA-F,ARHGEF15,,,,ST3GAL1,,,DNAJC9,SLC43A3
PRKX,SOCS1,,TTYH1,,PERP,YWHAH,,CREM,CLDN7,PARP1,NME4,CDC42EP5,,,,CTSH,,,NDUFB1,CTSD
MEF2A,CD99,,METTL17,,VCAM1,PDLIM7,,RAMP1,LINC00662,RAB25,FXYD3,NNMT,,,,PLEKHB1,,,BTN3A3,C2CD4A
PHLDA1,IFI27L2,,PTP4A3,,SSR4,WNT11,,RHOQ,LINC01405,OLFML3,TRIM69,LAMA4,,,,PTGR1,,,ADGRE5,SOCS3
PLAU,TECR,,DDI2,,CRISPLD2,LTB,,SESN2,SLC38A2,INAFM1,DPM3,MCAM,,,,PARVB,,,GUCY1A1,BISPR
HS3ST2,GLT8D1,,MARCKS,,A4GALT,PDE8A,,FNDC3A,COL5A2,SMC2,DCXR,FKBP1A,,,,CTHRC1,,,HMGA1,NNMT
NRIP1,COLEC12,,PARD6B,,IPCEF1,ZNF100,,NUPR1,CD82,TENT5C,PFKFB3,F2RL3,,,,SYT12,,,SYNE1,EXT1
PIM1,PLXNA2,,BLVRB,,MALL,HERPUD1,,FRZB,PSMB8,RIPOR2,UQCRH,MAP1LC3B,,,,CD47,,,CRISPLD2,SERBP1
ALCAM,CKS1B,,ZNF101,,NAMPT,DAAM2,,GABARAPL1,LST1,TUT4,SLC6A6,GNG11,,,,KCNG1,,,VSIR,BEX1
DSE,MXRA5,,RNPC3,,SERPINE2,LYN,,TRIB3,ASPM,ARGLU1,SERPINH1,APOD,,,,EML4,,,IRX3,KLK10
JAG1,BCAT1,,DPYD,,LITAF,NUSAP1,,SLC7A11,SNHG7,RSRP1,NDRG1,MYL12A,,,,UGP2,,,GLS,ELK3
CDC42EP3,NUAK1,,SMCHD1,,ACE,WNT7A,,TMOD1,CYTOR,ATF7IP,TBCC,LXN,,,,HELLS,,,TMEM255B,CMTM7
GPNMB,ZFHX3,,INTS6-AS1,,PDGFRA,ADPGK,,PITPNC1,VSIR,PCBD1,MLF1,MTUS1,,,,PCSK1N,,,AMOTL1,KCNK1
OSGIN2,CCDC74A,,STK17A,,RIPK2,C15orf48,,RHCG,ASS1,SC5D,HINT2,DEPP1,,,,DNAJB4,,,RDX,PTPRJ
ITGAV,RGPD5,,ABLIM3,,VAMP2,MYO1B,,CD59,ATP5F1B,NBEA,MVP,CD36,,,,SORBS2,,,HES4,AHNAK2
EIF5,ISYNA1,,CRYBG1,,CRIP2,CSF1,,FRMD4B,CALCB,HSPB1,TAP1,RHOB,,,,RALGAPA2,,,GRK5,CALM2
SNAPC1,CKAP2,,MT1G,,S1PR1,AUH,,PDLIM4,TSPAN7,ANKRD12,ATP5IF1,TMSB4X,,,,SMYD4,,,UQCC3,CISH
JAK1,CTSZ,,AGTPBP1,,RIN3,SLC20A2,,ANXA5,ARHGAP31,DKK1,G0S2,PLIN2,,,,NUCKS1,,,PRKACB,ATP5F1B
NOP53,QPRT,,CDKN1B,,ARL4A,HOOK3,,TGM2,KCNMB1,GRK5,FZD7,FABP4,,,,PINK1,,,ARHGAP18,SMAP2
CAPG,EN1,,ELAC1,,BBC3,EDRF1,,AKAP12,BST2,RAD21,IRX3,,,,,CTSF,,,RAD21,MAP2
GABPB1-AS1,PTGDR,,SINHCAF,,NDUFB7,AP3M2,,HSPA1B,TMEM238,CYP1B1,ANXA6,,,,,ASAH1,,,DPYD,EBNA1BP2
TALDO1,SNAI1,,GLS,,PLXDC2,SGK3,,C11orf96,ATP5PD,NTN4,SNHG18,,,,,STT3B,,,GALR2,HLA-DPA1
RASGRP3,JAG1,,IMPA1,,USP12,LAMP3,,,KCNQ3,KRT15,ITM2B,,,,,ZSWIM8,,,TNFSF10,PIK3CD
GADD45B,NREP,,HOXC9,,NUAK1,IRF2BPL,,,NLRP3,GCHFR,HSPG2,,,,,GATAD2B,,,ATP5IF1,PDLIM4
AHNAK,SINHCAF,,INPP4A,,ADM5,MRPL12,,,TAF1D,SCD,DOK5,,,,,HMGA1,,,PPIB,INAFM1
GNPTAB,BOLA3,,PSMB8,,IFI44L,CDKN2AIP,,,IL7R,EIF4A1,GPRC5A,,,,,CCDC80,,,PRKAR2B,BTG3
IFI30,ZDHHC12,,TTYH3,,METTL26,CWF19L2,,,LGALS7B,DDX39B,ARHGDIB,,,,,NCOA2,,,ADAMTS5,IER3-AS1
DUSP5,PPDPF,,CSNK1G2,,SGK1,NEDD4,,,CDH2,SMCHD1,C1orf21,,,,,JDP2,,,EIF4EBP1,NFKBIE
MREG,SKA2,,APAF1,,UGCG,TMEM47,,,TRIB3,CYP4Z1,SP100,,,,,FAM50A,,,GFOD1,PER1
IGSF6,MN1,,TUT4,,MAF,IGFBP5,,,MDFIC,EFEMP1,UACA,,,,,MCM3,,,PLIN2,SPSB1
GCLM,ADGRA2,,ZNF397,,ARF4,ADAM8,,,CD177,CAV1,NPDC1,,,,,EMP1,,,DEFB1,COL6A2
MYC,PLXDC1,,MFSD8,,ERAP2,PLAT,,,MYC,ID1,STAT1,,,,,PPIL2,,,UCA1,MT1E
NR4A3,CD200,,TDP2,,ABCA5,HEY1,,,FCGBP,SPRY1,CDKN1A,,,,,RCAN3,,,COLGALT2,PRKAG2
DNAJB9,GLT8D2,,TBC1D2B,,TCN2,PBX4,,,TAGLN2,TNRC6B,FABP5,,,,,RHOQ,,,KLF5,RHEX
SERPINF1,PCNA,,CDKN2AIP,,HEXIM1,TPM1,,,TOP2A,EDN1,AUTS2,,,,,ING1,,,FYN,NDUFA1
GNB4,LTBP2,,ORAI1,,ADAMTS7,ZNF254,,,SNAP25,NCOA7,HOTAIRM1,,,,,SLC8B1,,,CYTOR,PLEKHO1
ABI3,RHOJ,,RAPGEF6,,STAB1,NDC80,,,WLS,SH3BGRL3,AMIGO2,,,,,HDAC9,,,ADRB2,SLCO3A1
ZFAND2A,MCM3,,SNX25,,CLDN15,ZCCHC2,,,NUAK1,SOX9,KLF2,,,,,RGS10,,,SERPINB9P1,BAALC
SAMD9L,RCN3,,NOTCH1,,LAP3,IFIT5,,,FAT1,NKD1,CCDC34,,,,,RIMKLB,,,SEC14L1,IL4I1
MACC1,LINC02381,,ANAPC4,,TNIP2,ADAMTS1,,,ARHGAP22,PRKAR2B,PTMS,,,,,SAMD8,,,FYB1,STX12
ADCY3,TMEM91,,HTRA1,,SNHG8,MYBL2,,,THBS1,FOXQ1,KLF9,,,,,PPIE,,,VTCN1,CTSZ
TAGAP,SLC44A2,,SFXN3,,STAT6,NCOA7,,,HSPH1,CAMK2N1,NDUFA1,,,,,EHF,,,KIF21B,IFITM2
ANKRD33B,SNHG18,,SMURF2,,IRS2,LIMA1,,,EDNRB,TLE3,RNASEK,,,,,CDKN1B,,,JUNB,RNF223
ARL6IP5,PCBD1,,ESCO1,,BMP1,GSDME,,,HSP90B1,TPD52,WASL,,,,,ETV3,,,CENPW,PTBP2
ST18,TRIM69,,BICDL1,,COX7A1,TCEAL9,,,EXT1,PTGIS,CPXM1,,,,,RASD1,,,NR2F1,LPIN2
RGS12,JADE1,,LRRC23,,UBALD2,MTERF4,,,PHLDB2,GABPB1-AS1,IFRD1,,,,,MT-ATP8,,,FMNL3,RTP4
WNT5A,ATP5MC2,,TDRD3,,PDLIM5,CXCL6,,,WNT5A,KLK8,GYPC,,,,,NDUFV2,,,KLK1,UPP1
SERPINE1,SYNPO2,,SEC11C,,FERMT2,IFNGR2,,,RASIP1,CEP57,LAMB2,,,,,PRCP,,,NR2F1-AS1,ANKRD28
FGL2,SENP7,,MYCBP2,,MAGED2,ZNF493,,,IGHM,MCM5,PDLIM7,,,,,ZNF331,,,BNC2,HNRNPAB
CLEC5A,PDGFD,,TSC1,,JUNB,PDGFB,,,LAT2,CNIH3,EHD4,,,,,SSH2,,,DDX39B,LYAR
PSAP,UACA,,MYO1B,,KCNN2,PLSCR1,,,SMIM11,TGFBR3,DKK3,,,,,TET2,,,TLR1,KCNQ1
SNN,MRPL57,,SERPINH1,,VEGFC,LEPROTL1,,,CTCFL,PLEKHH2,ATP5PD,,,,,SPINT1,,,LGI4,ABTB2
RGS10,SMIM10,,EDRF1,,RAB9A,PSIP1,,,CDC20,ECT2,MSI2,,,,,AP3M2,,,CCDC88A,MFAP2
TNFRSF18,EVL,,ACTN1,,NUB1,RECQL,,,GIMAP2,PALMD,PPP1R14A,,,,,PRKAR2B,,,TNFRSF13C,TSPAN14
CA2,UQCRQ,,KAT6B,,ELP5,PCOLCE,,,FLRT2,ANP32E,LUZP1,,,,,SOAT1,,,RSRP1,UBE2S
SPAG9,MYDGF,,RAP2B,,NAA10,CTCFL,,,AMOTL1,MACF1,NEU1,,,,,CAPN7,,,OSR2,HLA-DPB1
BCL2,ILF3-DT,,MARCKSL1,,SLC15A3,AGTPBP1,,,DGKI,SLC25A4,SPSB3,,,,,PHF21A,,,TTYH3,ILF3-DT
CYTOR,COL8A2,,PLSCR1,,CDH11,TIMP3,,,SRM,IFRD1,CLEC2B,,,,,CCDC85B,,,LINC00513,TXNRD1
TMEM163,PSD,,NUB1,,PER2,IMPA1,,,MRAS,PDE5A,CITED4,,,,,FASN,,,CPNE8,NFATC2
PLD4,TACSTD2,,NPAT,,CXCL12,CALD1,,,CLEC7A,TM4SF1,TSPO,,,,,FAM76B,,,LHX1,NDUFS6
EID3,SGCD,,PGAP1,,SCPEP1,ZRANB1,,,TSLP,PINK1,ZBTB10,,,,,HOMER3,,,FAM43A,PLEKHF1
PELI1,IL17D,,FAM89A,,MICAL2,IREB2,,,SPINK1,FOXC1,ARID5A,,,,,PRPF39,,,KANK2,KLF5
SORL1,LHFPL6,,ZNF688,,DPYSL2,DLK1,,,DLGAP2,RTKN2,PPP1R15B,,,,,RNASET2,,,MCOLN2,RARRES2
PLCG2,HSD11B1,,CDH2,,DUSP10,APOC1,,,CARD16,PNP,ARL4A,,,,,RAB25,,,MBNL2,CDC42SE1
USP53,CST3,,MT-ND4L,,MAP2K3,NCALD,,,CENPA,RBMS1,DUSP5,,,,,CREBZF,,,ACAT2,GAS7
REV3L,ABHD14B,,ZNF276,,UQCRFS1,RAB25,,,RAB3IL1,SLC5A3,EML4,,,,,EPB41L2,,,HBEGF,UBALD2
CCL3,ING4,,ECI2,,TMEM47,BOLA3,,,CYP26B1,IRF2BPL,KDM6B,,,,,ATP1B1,,,TMEM200A,FOXN2
CST7,AZIN2,,ODC1,,IL3RA,DNAJB9,,,CWF19L2,SLC2A4RG,PTGR1,,,,,SNAP23,,,ARPC1B,FABP3
INHBA,HEPH,,SNHG8,,ANKLE2,NPAT,,,RPL36A,ALDH1A1,COX7A1,,,,,RBM38,,,PLXNA2,HOXB8
RALA,OSR1,,PAPOLG,,SYNPO,PRH1,,,GNG11,CWF19L2,NBEAL1,,,,,MXD1,,,C21orf91,MUC20-OT1
FABP4,FHL2,,MAP3K2,,FILIP1L,STAM,,,UQCR10,MGAT4A,GABARAPL1,,,,,BANP,,,SEL1L3,NFKB1
TXN,POU2F2,,CSTB,,CREB3L2,TK1,,,VTCN1,HOXC9,SLC38A2,,,,,SH3BP2,,,CLIP3,SBDS
NFKBIA,PLEKHA4,,TUBD1,,CDC37,FAM20C,,,PIP5K1B,TBCC,BAMBI,,,,,MSL3,,,PXDNL,AREG
RBP4,A1BG,,MCUB,,LY96,CGAS,,,KRT14,SLFN11,SDC2,,,,,DEDD2,,,GADD45A,OSER1
TCHH,PHPT1,,SEC24C,,RFX2,CRTC2,,,SC5D,RHOV,MYL12A,,,,,TFAP2C,,,C6orf15,SEMA7A
MT-CO2,ADA,,NME1,,JARID2,HAPLN3,,,PAFAH1B3,CLU,KCNQ1OT1,,,,,PKP1,,,HERPUD1,DAPP1
RACK1,SLC1A3,,GIGYF1,,LSM4,LAP3,,,TGFBI,CRYBG1,CYCS,,,,,PLEKHF2,,,TSPAN2,CYCS
HSPB1,TRIM8,,GRN,,FAM89A,KHDRBS3,,,SLC26A2,ZDBF2,MOB2,,,,,HMGB1,,,TFCP2L1,RTKN2
PPP1R15A,KCTD12,,CRTC2,,EDEM1,WHAMM,,,HOXC9,XBP1,DDX6,,,,,YPEL3,,,LHFPL6,HDAC9
KRT19,FBLN7,,PTAR1,,PANX1,FZD8,,,HOXD9,RNF152,PCGF5,,,,,YPEL5,,,BRCA2,TMCC3
OGFRL1,ENAH,,ZSCAN18,,SPSB1,ZNF708,,,LRRFIP1,COL12A1,PLS3,,,,,INSIG1,,,ACTN1,SLC20A1
MT-ND5,SCAPER,,NPDC1,,ARHGAP21,ANKRD36,,,SLC15A3,UPP1,MDM2,,,,,STK38L,,,PAPPA,DTNA
HLA-DPB1,PPP1R14B,,MPHOSPH8,,R3HDM4,CASP8,,,TGFB2,MYCBP2,EPAS1,,,,,HDAC5,,,RUNDC3B,VTCN1
HLA-DRB1,P4HA1,,SQLE,,GATA2,IL4I1,,,SDF2L1,PLP2,CCDC71L,,,,,MACF1,,,KLF12,SLC7A8
CXCL8,TRAPPC2,,HABP4,,IL15,ZNF92,,,WNT4,ITGA6,DNAJB14,,,,,MTURN,,,CCDC88B,GFOD1
MT-CO1,SMARCD3,,BLMH,,PXDC1,SETDB2,,,PXDC1,DNAJC15,CXCL1,,,,,MGST2,,,LAT2,BLVRB
VIM,FASN,,NEK7,,CD36,UQCC2,,,MECP2,GDF11,VMP1,,,,,MAP3K2,,,MAMDC2-AS1,RHOF
MALAT1,CEP57,,HHEX,,NR4A1,CCDC82,,,PNP,TLE4,MAFK,,,,,SLC39A10,,,CREG1,UCA1
,THBS4,,MGAT4A,,ECSCR,GCHFR,,,TLR1,PADI2,PKIG,,,,,TRA2A,,,MDK,TRIB3
,CFL2,,FAM76A,,HERC5,RPS17,,,NR3C1,EIF4A2,BLOC1S6,,,,,NKTR,,,RAB3IL1,HEBP1
,FILIP1L,,SMC5,,SNAI1,IL6,,,ELL2,PDGFC,FEM1B,,,,,MIDN,,,LRRC7,SLC22A17
,IGFBP7,,EPB41,,SHANK3,POGLUT1,,,TMEM40,ANKRD1,THUMPD3-AS1,,,,,NMRK1,,,FAM111A,BMP1
,LRRC75A,,C21orf91,,GRK5,NUDT1,,,TMEM176B,DDX5,TTC14,,,,,BHLHE40,,,EGLN3,EIF3M
,RPA3,,RBM6,,ITGA6,MAP3K5,,,TDP2,CHCHD7,MRPL4,,,,,SEC14L1,,,SMOX,OSMR
,ITGB8,,C15orf48,,ATP5F1B,ZCCHC3,,,WNT7A,PASK,MEF2A,,,,,EVL,,,SLFN11,ATP5ME
,LOXL2,,SERPINB1,,CSRP1,CEP55,,,PLCXD2,CMTM8,WFDC2,,,,,BCL2L11,,,HBS1L,ARHGDIB
,NRP2,,MYC,,TGFB1I1,CYP20A1,,,CENPE,TNFSF10,STX12,,,,,CDK6,,,DUSP6,SERPINB1
,MATN3,,TUBA4A,,MYADM,TIFA,,,OLFM2,CCDC82,MAP4K4,,,,,FRYL,,,HLA-E,UFM1
,SRPX2,,TNRC6B,,ACTN4,SMYD3,,,RUNX3,ATF6B,CREB3L2,,,,,LNPEP,,,MALT1,N4BP1
,TMEM98,,EXOC8,,PELI2,UQCRHL,,,CATSPER1,ODC1,CSGALNACT2,,,,,GSN,,,GRAMD2B,LSR
,SLC22A17,,PCNX4,,RAB21,KAT6B,,,RNF19A,PLXNA2,MYH9,,,,,PAXBP1,,,IFNGR1,PLEKHF2
,MAP3K12,,MAP4K4,,OAF,MTMR4,,,ITGA3,ANKH,ATP5MC3,,,,,ARFGEF1,,,NIN,SDCBP
,GLIPR2,,IVNS1ABP,,B4GALT1,GDAP1,,,SIK1,MLF1,NFKB2,,,,,NTAN1,,,MCM7,CCND1
,MVD,,RGS10,,BATF3,ATAD2B,,,SNCG,UBALD2,EDNRA,,,,,BLVRB,,,UBALD2,FERMT1
,RASIP1,,LYN,,SLC44A2,UGT2B7,,,ZNF583,CEP152,FLNA,,,,,ARAP2,,,CCDC14,EFEMP2
,PDCD4,,MAD1L1,,ACVRL1,ZC2HC1A,,,ROPN1B,TPM4,PELO,,,,,ZBTB38,,,TLE3,LYST
,GRAMD2B,,DUSP7,,DPYSL3,FEM1B,,,TCN1,WTIP,PHGDH,,,,,RAP2B,,,DNAJB2,SERTAD3
,ANXA11,,PDCL,,TLN1,FMNL2,,,ODC1,LINC01355,TNS1,,,,,NBN,,,CRYBG1,CTTNBP2NL
,SIN3A,,PLS3,,FAM228B,TLNRD1,,,CD274,DCP2,DUSP11,,,,,DKC1,,,FGF2,TFCP2L1
,PRELP,,RIMKLB,,HECA,SP110,,,KLHDC7B,ITGB5,PLPP3,,,,,RBM4,,,KPNA5,IDI1
,MYH9,,PRCP,,FBXO32,DSTN,,,RAC2,TPI1,SLC7A5,,,,,DRAP1,,,PDLIM2,SYNJ2
,R3HDM2,,STAT6,,IFT57,FXYD6,,,JAK3,PIF1,ARHGEF2,,,,,CENPX,,,ING3,MT-ATP8
,OGN,,ZZEF1,,IDS,WNT5A,,,PLD3,TSPAN5,CDK6,,,,,EIF3M,,,APOL3,ST6GAL1
,ANKS3,,NTAN1,,ARHGAP24,DEPP1,,,MAP4K4,PLEKHF1,NOP56,,,,,MYBL1,,,EPHA4,ZNFX1
,OFD1,,VPS13D,,MAPKAPK2,NFIL3,,,DEPDC1,PAWR,NCS1,,,,,JUNB,,,CFI,TRIO
,ITIH5,,C1orf56,,OCIAD2,AKAP1,,,ZNF699,CCSER2,PPP1R12C,,,,,LY6D,,,OCIAD2,BDKRB2
,TTC39C,,GNPTAB,,TP53INP2,MIS18BP1,,,KLK7,SMIM10L1,SRGAP1,,,,,SPSB3,,,LUZP1,ARID3B
,LDLRAD4,,KANK2,,PARP12,SERPINB8,,,CCDC88A,MYBL1,MGAT1,,,,,MXD4,,,MFGE8,IFI44
,TCTN3,,TRIM8,,PROS1,RBM7,,,IL17RB,CCND3,SGMS2,,,,,AKAP13,,,PHACTR2,AOC1
,HOXD8,,MYSM1,,DTYMK,CREBZF,,,NCK2,AP3M2,ZNF800,,,,,ANKRD12,,,CEP85L,SP100
,ZFPM2,,CDC37,,SH3TC1,PAPOLG,,,S1PR1,ROBO1,OSBPL8,,,,,SLC25A6,,,FOXO3,STAT1
,NOP53,,MYL6,,ATP5PD,HELZ2,,,RRM2,ZNF44,ZC3H7A,,,,,DSG3,,,SELENOW,GPRC5C
,HSPA2,,MID1IP1,,SETX,HMMR,,,NEDD9,SELENBP1,NFASC,,,,,TNFAIP2,,,HIPK3,RBMS1
,GALNT2,,PIP4K2A,,MOB2,ARFGEF1,,,CRMP1,ARL4A,FNDC3A,,,,,MRPL4,,,LINC01094,PXDC1
,CCDC28A,,PER1,,MAGEH1,PIK3CA,,,ZNF506,IDI1,COL4A1,,,,,PPIF,,,DTYMK,CHMP1B
,RAD51C,,ZNF277,,ICAM2,INO80,,,DPYD,CDK2AP2,ATP2B1,,,,,DDX6,,,ZNF276,BCL2A1
,ATP5PD,,PAN3,,FOXP1,CTDSP1,,,MAP3K5,MT1G,HIPK2,,,,,N4BP2L2,,,ANTXR1,ACSL4
,BANF1,,MLLT6,,ABCG1,AP5B1,,,CBS,MYLIP,MECP2,,,,,SLC7A5,,,VEGFA,DNAH2
,ANP32E,,RBP1,,ZNF385A,STK39,,,MAD2L1,MTUS1,CFL2,,,,,ACOT9,,,PRDM1,HK2
,TRIB1,,ZNF430,,PROCR,ST6GAL1,,,RIPOR2,AHI1,FAR1,,,,,SERINC1,,,LRRC34,ITGA3
,METRN,,ADD3,,EXOSC6,EMX2OS,,,SNAI3,HERPUD1,RBMS1,,,,,ATP5MF,,,ETS1,RELT
,ALKAL2,,OPTN,,SUMF2,PRSS8,,,PCSK7,USP51,TMEM165,,,,,CORO1C,,,PLPP2,LYN
,FEZ1,,F3,,CDKN2D,MKI67,,,NR1H3,MAP1LC3B,TRAF3,,,,,COPS8,,,TUBB6,ZYX
,PCMTD1,,CHD2,,HOPX,CFB,,,AKT3,SPEF2,TWIST2,,,,,MSLN,,,PTPRF,ZNF506
,RBL2,,STARD3,,SEC24C,CCDC174,,,PIEZO2,ZNF550,IRAK1,,,,,TBX3,,,C2orf88,IFI44L
,ZFP36L2,,SMAD3,,TRIM47,PHF19,,,IL24,NCKAP5,LTBP4,,,,,LAP3,,,STK17A,YPEL5
,SPTBN1,,CBX4,,PTGER4,ZNF830,,,TGFB1,BACE2,EIF3M,,,,,BAZ1A,,,PNP,TCF15
,CCND3,,HMGA2,,TBC1D4,MYO6,,,SETBP1,PVT1,FBXO30,,,,,FAR1,,,DMD,APAF1
,ACTN4,,IREB2,,HEBP1,ASPM,,,PIM1,ING1,MAPK6,,,,,SFRP1,,,PCSK1N,HLA-DMA
,PTEN,,PPP2R5C,,EAF1,MPP7,,,ATM,NIN,CREM,,,,,PLAU,,,CAMK1D,KIF1B
,MIS18BP1,,SMAD4,,WASL,RAB11FIP2,,,LINC00520,UACA,CSPG4,,,,,ZFP36,,,ATP5F1B,NCOA3
,SPSB3,,TBC1D1,,NFIA,MIR99AHG,,,TFPI,ADGRE5,CKB,,,,,MFGE8,,,SPAG8,SLC44A2
,NDUFA4,,SRSF8,,ATP5IF1,ARID3A,,,PROS1,SLC16A1-AS1,FBXL3,,,,,RBMS1,,,ARHGAP31,LGALSL
,ATF6B,,REV3L,,ATP2B4,EPB41,,,QPRT,IER5L,BTG3,,,,,SH3BGRL3,,,AHR,CLDN15
,DUSP8,,CCL5,,OSER1,ARID2,,,FXYD1,NFIB,WFDC1,,,,,OSBPL8,,,SH3PXD2B,COL16A1
,NKTR,,GPATCH2L,,B3GNT2,GORAB,,,CSKMT,CTSF,RAB11FIP2,,,,,ABHD5,,,FMNL2,DKC1
,PRCP,,MFSD1,,STARD10,RCBTB2,,,CHMP1B,CHD6,RASA2,,,,,MANF,,,DEPDC1,CXorf38
,SKI,,FBRS,,EFHD2,DPYSL2,,,PARP1,NIFK-AS1,PIK3C3,,,,,PLPP2,,,MTHFD2,TRIM44
,NFATC2,,HLA-F,,SH2B3,ZFC3H1,,,SUSD3,MIS18BP1,GULP1,,,,,USP15,,,TACC1,KDM6B
,SUMF2,,MED13,,CYBA,ZNF90,,,BRI3,ZNF841,MICU3,,,,,PKNOX1,,,LIMA1,OGT
,FNDC1,,MAFG,,SP140L,TMEM45A,,,ARHGAP25,PPARG,DUSP14,,,,,TUT4,,,CDKN2B,PPTC7
,PARP10,,ZFC3H1,,ZFHX3,CCDC115,,,CPNE8,PDLIM7,FGF2,,,,,PHLDA3,,,PPP1R12C,KLF3
,NFIL3,,NR1D2,,TUSC1,CLK3,,,APOA1,TENT5A,TBX2,,,,,MYH9,,,RNPC3,BMP7
,FKBP11,,MOB2,,GCH1,OSER1,,,CARD6,PXDNL,OTUD4,,,,,SLC39A6,,,MRPL57,DEGS1
,PCSK7,,RBM5,,UTRN,ZMIZ1,,,PAWR,SLC1A4,RRP12,,,,,ACTN4,,,PCDHGA5,AFDN
,C12orf75,,TP53BP2,,IFIT1,ZFHX3,,,MSL3,PPP4R3A,BACH1,,,,,SLC12A2,,,CENPE,MRPS6
,OSTF1,,USP47,,B3GNT5,DUSP11,,,MEIS2,RGS14,OSTM1,,,,,CRYAB,,,CSGALNACT1,PLEKHA2
,CYBRD1,,ABR,,SMIM14,FAM89A,,,CDKN3,ALDH1A3,HERC1,,,,,HSPA5,,,PASK,ITGAV
,CRISPLD1,,WSB1,,CPQ,ZNF91,,,CCSER2,KPNA5,SERBP1,,,,,SPARCL1,,,RASA4,LINC01320
,BCL6,,INSIG1,,SLC2A3,MIS12,,,CXCL10,AMIGO2,SQSTM1,,,,,STX12,,,RASSF2,MALT1
,HEBP2,,MAP3K3,,CYP1A1,ATF6B,,,C1QL2,NUAK1,GPATCH2L,,,,,PALLD,,,EFNB2,SLC25A25
,PDGFRA,,ATP6V1H,,CHD1,RAD50,,,PRH1,TBCE,TMEM38B,,,,,MRPL57,,,LPAR5,HOMER3
,CRIP2,,IFT57,,SOCS2,NFIX,,,PPP1R12C,CTBP1-DT,LYSMD3,,,,,CDKN1A,,,ITGB4,TANC2
,NDUFA1,,HIPK3,,SMAD3,SLC25A4,,,TLE3,C6orf141,XIST,,,,,EPAS1,,,APOL6,PLK2
,NSD3,,GSN,,LSM2,LARP6,,,MLLT11,WWTR1,UBA6,,,,,MED10,,,CKS2,ITGA2
,PLP2,,MIR4458HG,,EXT1,RNF168,,,BRCA2,ZNF26,GBE1,,,,,CSRP1,,,ERICH1,RICTOR
,CHI3L1,,IGF1R,,BTBD1,SLC39A14,,,DEPP1,ITGB6,SLC5A3,,,,,PCGF5,,,UCHL1,FXYD6
,HEXIM1,,TNRC6A,,PREX2,MBTD1,,,BANP,ZNF101,CAVIN1,,,,,JAG1,,,MSL3,APOL2
,ZNF532,,RUNX1,,NFIL3,EIF3G,,,CDC42EP3,PAXBP1,ANKRD11,,,,,ELP5,,,SMS,NFATC1
,LMBR1L,,ACKR3,,PPP4R3A,EEA1,,,GBGT1,PDGFA,MSRB3,,,,,SGK1,,,BANP,INPP1
,HSPA13,,JMJD6,,DYRK3,PCF11,,,TACC3,OXNAD1,SGCA,,,,,LYSMD2,,,DUT,PIK3IP1
,EXOSC6,,MTMR3,,RAP2C,SIK3,,,CCNA2,MACO1,BEX1,,,,,MYO1B,,,MTUS1,CHCHD7
,MVP,,ADAMTS1,,OAS3,HSPH1,,,PLK2,HIPK3,TUBB6,,,,,JAK1,,,CSRP2,EHD1
,CAPZA2,,OSMR,,TSHZ2,CEP290,,,HBEGF,CXXC5,C3orf52,,,,,TXNDC15,,,NCALD,ARAP2
,CBX3,,KLF3,,SAMHD1,MXI1,,,IFIT3,UBR2,PRKDC,,,,,MACO1,,,TGFB2,RUNX1
,FLNC,,UBE2Q2,,LDHB,CENPN,,,GLYATL2,LEPR,NPC1,,,,,PLP2,,,SMIM11,H6PD
,BCAP31,,ZNFX1,,RAPGEF1,CEP350,,,PAX9,MLPH,TRIM23,,,,,SMTN,,,CENPM,HELB
,FOXN2,,CD99,,MVP,SUPV3L1,,,DUSP6,EML4,PNP,,,,,BOC,,,RNF38,TAB2
,RNF38,,RNF149,,PPP1R12C,PAXBP1,,,MILR1,MAP2,RPS6KA3,,,,,COL18A1,,,IFI16,RASSF8
,C15orf48,,BAZ1A,,SIRT1,GLYR1,,,SNX10,ADD3,PDE5A,,,,,TMEM165,,,PLP2,RIN2
,NPAT,,TIMM23B,,PHF11,USP15,,,TPD52L1,CLGN,PARP1,,,,,SEC11C,,,KDR,GBP2
,AHI1,,BEX4,,BMP2K,HELB,,,KLK10,TMEM45B,EGFR,,,,,RASSF1,,,TBC1D1,CLDND1
,PHC3,,ARL4C,,SPRY4,JMY,,,TBC1D2,PLD3,CELF2,,,,,KCNK1,,,RLF,NFAT5
,EPM2AIP1,,MORC3,,N4BP1,CENPX,,,NUSAP1,INPP4B,FICD,,,,,ERBIN,,,BRI3,C1orf56
,KLHL20,,TUBB2A,,TP53I3,ATP6V0A2,,,CKS1B,PLPP3,ADIRF,,,,,MUL1,,,CAPG,B4GALT1
,RBM5,,FNIP1,,HELZ2,PAN3,,,FJX1,CREBZF,INPP4B,,,,,DUSP7,,,TGFB1,NPC1
,PXDC1,,SEC24A,,TBX1,FAM76A,,,LINC02381,RPS6KA5,MAN2A1,,,,,NFKBIE,,,RRM2,MAFK
,HECTD4,,TMEM167B,,NXF1,ZNF136,,,GSDME,SUPV3L1,DGKH,,,,,SNHG15,,,RHPN2,TACC1
,CD55,,ZFHX3,,ORAI1,ZNF26,,,SHISA2,TOGARAM1,LYAR,,,,,ITGA6,,,LUCAT1,MRPL33
,ZEB1,,DUSP16,,HMGA1,RIC1,,,NIN,VEGFA,MAP3K20,,,,,AFDN,,,GAL,AXL
,MED17,,LCP1,,OSTF1,ARHGEF40,,,CCND3,MEX3A,MACF1,,,,,CBR3,,,CREBZF,FNIP2
,HBS1L,,TLNRD1,,RASSF1,ANKRD10,,,ZFP36L2,HAUS3,SNCA,,,,,LYAR,,,SLC12A2,CDC42EP5
,FGFRL1,,FOXN3,,DENND4C,STEAP1,,,DCLK1,TAF1D,S100A16,,,,,TGFBR2,,,DOK5,TUBB4B
,KIF1B,,HIF1A,,RALGDS,LITAF,,,PGAP1,MYL9,PCNX4,,,,,CGRRF1,,,RNF166,POLR2L
,SNRK,,WFDC2,,STAT5A,CENPA,,,PLAC8,SORL1,DDI2,,,,,NECTIN2,,,DCLK2,EPS15
,LCORL,,IGFBP5,,SKIL,RAB11FIP1,,,CALB1,NRIP1,MITF,,,,,PELO,,,ING1,EMP2
,REL,,RRP9,,ATP6V1H,DDX28,,,SLC16A1-AS1,IGFBP4,FRMD6,,,,,GLT8D1,,,CMTM8,UBALD1
,EPB41L4A-AS1,,THBD,,SCML1,PLEKHA5,,,CAVIN4,RERE,ITGB1,,,,,TPST1,,,ROPN1B,CCND3
,TPRA1,,LONRF1,,HELZ,DRAP1,,,ITGB5,MARF1,DIMT1,,,,,RILPL2,,,TRA2A,ARHGEF10L
,RAB8B,,JMJD1C,,PCF11,TRIM13,,,CEP55,HILPDA,PSMA7,,,,,EXOSC6,,,ARID4A,STAT2
,MB21D2,,MICAL2,,DDX39A,PLEKHO1,,,TPM4,SRGAP1,MOSMO,,,,,FOXO1,,,TACC3,MTURN
,GIGYF1,,CTNNB1,,VCL,RPS6KB1,,,IL34,CKB,AFF3,,,,,SNCA,,,TPBG,RHOD
,FXYD6,,TUT7,,SNAPC1,PRPF39,,,TCF15,IKZF2,ASNS,,,,,WASHC4,,,TRIM22,COL18A1
,NUB1,,SYNJ2,,CIB1,CREBBP,,,KCTD7,SSBP2,AXL,,,,,GBE1,,,CASC15,GCH1
,GPCPD1,,MAP3K8,,MAFK,GCC2,,,ACSL4,RAPGEF5,ATP1B3,,,,,MCUB,,,DSC2,NECAP2
,F2R,,PPM1K,,MIR222HG,CITED4,,,CFH,TSPAN1,PODXL,,,,,HLA-A,,,ADAMTSL4,ZNF317
,PHF10,,ZNF703,,MDM4,NFATC2,,,MICAL2,RHPN2,HSP90B1,,,,,AHNAK,,,MT-ND6,LMTK3
,EXOC8,,COL7A1,,ODF2L,USP12,,,SINHCAF,CTR9,KCNMA1,,,,,PSMD6,,,FRY,NMD3
,VPS13D,,SMPD1,,AKR1C3,SNHG12,,,AHI1,EFNB1,KCNK6,,,,,MTERF4,,,ACVR2A,ZNF267
,ZZEF1,,TUBB6,,GCLM,CTSH,,,CASP3,XRRA1,ANXA1,,,,,TLNRD1,,,OGT,DST
,FKBP1A,,CEMIP2,,TXNRD1,COX8A,,,SGO2,NPAT,EBNA1BP2,,,,,PRNP,,,HRH1,SCCPDH
,MAPKAPK2,,KIAA1328,,ASRGL1,CAPN10-DT,,,HABP4,EXOG,SELENOS,,,,,HLA-E,,,MIB2,FCGRT
,BIRC3,,RRAGD,,SHPRH,ARL5B,,,IFIT2,BORCS6,SLC7A11,,,,,PDLIM1,,,LACC1,MSMO1
,KLF7,,CEP85L,,ZNF385D,ATM,,,MT-CO2,SLC39A10,RSPO3,,,,,ZNF267,,,KLF6,BCAS4
,CTDP1,,PAM,,NPC1,RAP2B,,,LETM2,CASP8,LCP1,,,,,THBS1,,,ITGB5,ARMCX6
,LSAMP,,USP3,,POLK,MSLN,,,RASSF5,ZBTB38,SEC61G,,,,,TSPAN5,,,SH2D2A,ARNT
,SBF2,,CXCL12,,GFOD1,RAB9A,,,NAA38,SNHG8,HMGA1,,,,,UBE2D1,,,SMIM10L1,SNRPE
,NFX1,,CFLAR,,GLIS3,ZDHHC12,,,KLF12,CEP120,MICAL2,,,,,BZW1,,,ZCCHC14,TOMM5
,PIM3,,HERC1,,C1orf21,ZNF292,,,NR4A2,KLK10,HOXD10,,,,,HOTAIRM1,,,GSTO1,SGMS2
,TMEM220,,SDE2,,ZEB1,ZBTB1,,,CSRP1,REV3L,HOXA10,,,,,MYLK,,,CEBPA,RHBDF2
,PLBD1,,MAPKAPK2,,ST3GAL6,GPHN,,,PIK3R3,SLC1A2,HSPA5,,,,,PXDC1,,,GDA,TUBB2B
,CAPN7,,GATAD2B,,DIMT1,PSTPIP2,,,CYP1A1,RNF168,RBM3,,,,,PRH1,,,TBC1D2B,C1R
,SOCS2,,USP12,,ADGRL4,TRIM37,,,MXRA8,UTRN,GSTO1,,,,,DKK1,,,KLF11,ACOT9
,SLC43A2,,HERPUD1,,CREBZF,WLS,,,TTYH1,SBDS,LONRF2,,,,,GULP1,,,ELL2,PLEKHM2
,SPTSSA,,BEX2,,DGKH,SEMA7A,,,IGFL1,EZR,RAN,,,,,DIMT1,,,CSF2RA,IRAK1
,DDR2,,AGR2,,PRH1,LGMN,,,ADGRE5,SPRY4,CD44,,,,,FOSL1,,,CENPF,SARNP
,ITPR2,,CPD,,FXYD6,ATP2B4,,,TENM3,SDC1,HOXA11,,,,,THUMPD3-AS1,,,AKAP1,PSMB8
,ATF7IP,,SH3BP5,,GLUL,TUBD1,,,CASP4,VPS13B,SAA1,,,,,MAP1B,,,SERPINH1,MT-ND6
,JAM3,,PKNOX1,,CTTNBP2NL,FBXL3,,,TGIF1,MALL,TXN,,,,,LHFPL6,,,ANKH,NFKB2
,ZDHHC14,,MAPK8,,KIAA0232,C1S,,,NPAT,HCFC2,,,,,,GPAT3,,,OPTN,KLF10
,PTAR1,,SERINC1,,GIMAP4,TUT7,,,ANTXR1,PPM1N,,,,,,ITGB4,,,CTSZ,OTUD1
,PRKX,,GLA,,ST3GAL1,KANSL2,,,CDKN2AIP,CAPZA2,,,,,,OXTR,,,IFIT2,PTPN1
,CREBBP,,ENG,,PPFIBP1,ANLN,,,MAOA,RASAL2,,,,,,FNDC4,,,PLK2,KLHL24
,CPEB4,,ITGB1,,RICTOR,EPOP,,,PTGER4,BCL2L11,,,,,,CD44,,,ADAM28,CLIP4
,TOMM5,,PELO,,TLL1,TNFRSF12A,,,SCG5,FAM228B,,,,,,RAP1B,,,P3H1,AKIRIN2
,PRKAR2B,,ADIRF,,PKIG,DYRK2,,,CREG1,MPHOSPH8,,,,,,KDSR,,,EDN2,CASP8
,HAND2,,ITM2A,,SNTB2,ATP13A3,,,RERG,TRAK2,,,,,,KHDRBS3,,,ADD3,POLR3GL
,CMSS1,,TBC1D9,,ITGA2,SRSF8,,,LARP6,CSPP1,,,,,,ITGB6,,,TUBB2B,SLC41A2
,IFT57,,CPNE8,,TMCC3,PER2,,,IFNGR1,POLR3GL,,,,,,CCDC32,,,MLLT6,SLC44A4
,BTBD1,,SLCO5A1,,HSPD1,TCEAL8,,,LRP12,P3H1,,,,,,FKBP5,,,RAP2A,BIRC3
,PRR16,,EMILIN2,,MUC20-OT1,RNF146,,,AHNAK,WASL,,,,,,LAYN,,,SMYD4,USP11
,WDR37,,DENND4A,,LAT,SNTB2,,,INPP4A,ATF7IP2,,,,,,MICAL2,,,TNFSF12,RAPH1
,ZBTB21,,CD83,,TCF15,HABP4,,,CAB39,ZNF493,,,,,,CIRBP,,,CCND3,TRIM47
,RAB9A,,NRP1,,RBP1,FSCN1,,,EHD1,FAM89A,,,,,,GPR176,,,RBM15,CHIC2
,POLK,,ACTG2,,PSAT1,PXDN,,,RAB38,KLF12,,,,,,DEGS1,,,SPTBN1,SLC15A4
,ACVR1,,TMEM98,,LIFR,CNBD2,,,PLSCR4,PYCARD,,,,,,GYPC,,,SRPX2,NUB1
,ANKRD49,,CD276,,BACE2,NAGPA,,,MCM7,PHF21A,,,,,,HEG1,,,LETM2,TGM2
,ANKRD33B,,PSMD6,,BASP1,ZSCAN18,,,ATAD2,RSBN1,,,,,,EHD2,,,CD22,SPHK1
,RIC1,,LINC01588,,KLF2,SOX9,,,PHKG1,ATXN1,,,,,,ABCC3,,,SMAP2,NUP98
,SLC1A4,,RASD1,,CABP1,CUTC,,,DCBLD2,CERK,,,,,,SRSF8,,,ERAP1,CYLD
,FERMT2,,ATXN1,,SOCS3,RDX,,,GFPT2,MIS12,,,,,,SGF29,,,ZNF211,SH3KBP1
,SOX5,,KREMEN1,,KCNQ1OT1,LIMS1,,,EIF4A2,RAB11FIP1,,,,,,CXCL2,,,CEP152,ATOX1
,TULP4,,PXK,,CD59,DHRS3,,,BEX4,DUSP18,,,,,,RASSF8,,,SIK2,TMEM165
,CTTNBP2NL,,FERMT3,,TNFSF9,CHMP1B,,,NFKBID,LTBP1,,,,,,NEXN,,,ZNF506,MVD
,ARMC9,,HYPK,,TTN,SERTAD2,,,GRAMD2B,ARMC5,,,,,,SPP1,,,IL1RL2,KIAA0040
,ZNF160,,FAS,,CLDN5,TBK1,,,ARID5B,SPTSSA,,,,,,MIR222HG,,,EN1,TOPORS
,TNIK,,NFATC2,,HMOX1,ZNF141,,,ZDBF2,ABHD11,,,,,,LTBP2,,,SOCS2,ZNF274
,DDX39B,,SYNE1,,,LAGE3,,,EPB41L2,GTF2B,,,,,,NAV2,,,ARHGEF7,UBAP1
,NR3C1,,PFKFB3,,,HGSNAT,,,TXNDC17,CASP4,,,,,,LINS1,,,PLCXD2,EPB41
,LTBP4,,XYLT1,,,DYNLL1,,,CD302,BPGM,,,,,,DAB2,,,CXCL10,ZNF721
,P4HA3,,ABCG1,,,MRPL33,,,SERTAD2,PKIG,,,,,,GSPT2,,,RAI14,NR2C1
,SLC7A2,,FRMD4B,,,MAP2K1,,,AUH,ZNF708,,,,,,RFLNB,,,PEAK1,ERN1
,UBE2Q2,,NFKBIE,,,C2CD5,,,CHI3L2,RSBN1L,,,,,,SERPINA1,,,TMPO,RPS6KA5
,CHFR,,RASSF8-AS1,,,LATS1,,,AZIN2,RNF213,,,,,,MSRB3,,,SYNM,ACAT2
,JOSD1,,SMTN,,,CD200,,,ITGB6,OSER1,,,,,,XIST,,,PNLDC1,RHOG
,SEMA6A,,RASSF8,,,WDR11,,,CFLAR-AS1,ING3,,,,,,F3,,,RBBP8NL,CBX3
,TBK1,,COL5A1,,,SLC39A6,,,IRX2,SHPRH,,,,,,ATP5MC3,,,SEMA4D,GPATCH2L
,ECI2,,VCAN,,,RAPH1,,,ATL2,ZNF160,,,,,,GADD45A,,,LRP2BP,PKNOX1
,MAML2,,RASA3,,,SMC5,,,CLMP,BCL6,,,,,,SAMD5,,,TNFRSF25,EPB41L2
,FIBIN,,RFLNB,,,ZNF84,,,TBC1D2B,INO80D,,,,,,CNN1,,,SP100,YPEL3
,LATS1,,PNPLA8,,,CDC20,,,BMP2K,RAB33B,,,,,,SPHK1,,,COL8A1,YPEL2
,AGO4,,MSRB3,,,CAVIN3,,,CAMK2D,ABRAXAS1,,,,,,MEG3,,,STAT1,ARHGAP30
,IKZF5,,TNFAIP6,,,R3HDM2,,,ATG2A,LY6D,,,,,,DLL1,,,MADD,SSPN
,CLN8,,TMEM106A,,,METTL26,,,MTHFD2,CCL28,,,,,,CADM1,,,CBS,RERE
,WHAMM,,RPS20,,,ABI1,,,CRYBG1,ZNF703,,,,,,HOXA5,,,RASA3,AKR1C3
,RCN1,,TMEM158,,,CDC42SE2,,,HES4,ZNF432,,,,,,MFSD2A,,,IL6,CEP68
,UHRF2,,A2M,,,CDK11A,,,FERMT2,SMTN,,,,,,ATP5F1B,,,PLK1,SH3BGRL
,YPEL5,,TMEM165,,,PDGFC,,,ANKH,HDAC4,,,,,,EMP3,,,CLEC7A,SMAD3
,NEDD4L,,FBLN5,,,PRDM2,,,KPNA5,GPATCH8,,,,,,TP63,,,CKS1B,NEU1
,GABARAPL1,,YPEL2,,,MYSM1,,,PAXBP1,FBXW7,,,,,,IRX4,,,SMC4,XRN1
,CAV2,,SCARF2,,,CTSL,,,ZNF550,VCPKMT,,,,,,IFI16,,,ARHGAP10,PRRG4
,HERC1,,RYBP,,,HELZ,,,RIC1,RBM48,,,,,,XBP1,,,ITPRIP,TBC1D8
,DIMT1,,BTG3,,,CTTNBP2NL,,,THSD1,NCK2,,,,,,TSLP,,,RDH10,ARHGAP17
,GPATCH8,,PLVAP,,,AKIRIN2,,,DKK1,MOSMO,,,,,,PTPRE,,,LMO7,TCF7
,C8orf33,,NPC1,,,DNAJC27,,,FNIP2,VSIR,,,,,,CALML3,,,PNRC1,CRIM1
,SLC15A3,,FKBP11,,,MACO1,,,JADE1,ZNF335,,,,,,TPM2,,,EXT1,ASNS
,EIF4E3,,PLPP1,,,TENT2,,,PHF1,HECTD4,,,,,,SNU13,,,PRX,VNN1
,PARP4,,RBPMS,,,PDLIM1,,,CHI3L1,ZNF84,,,,,,C8orf88,,,LEPR,LPP
,LRRC8A,,PLAUR,,,ARMC9,,,KLF11,COBLL1,,,,,,CXCL3,,,SH3BGRL3,MED13L
,MECP2,,MAFB,,,ZNF107,,,WWTR1,ZCCHC14,,,,,,CLEC2B,,,MSLN,HES4
,FAM120B,,MREG,,,IKBIP,,,IL4I1,TPRG1L,,,,,,HTRA1,,,DUSP7,PCSK7
,CD58,,WNT2B,,,IGF2R,,,PTBP2,LINC00513,,,,,,TINAGL1,,,RRP9,NCS1
,CFLAR,,KLHL21,,,ZNF277,,,CD22,CD47,,,,,,FAS,,,ZFAND2A,SASH1
,PRKG1,,SLC40A1,,,C21orf58,,,ATF6B,PPFIBP1,,,,,,NNMT,,,EHD1,SERINC1
,GPC6,,TPST1,,,SEL1L,,,RLF,YTHDC2,,,,,,S100A2,,,DHCR24,NR4A1
,TMEM119,,CREB3L2,,,SLC26A11,,,ERCC5,TDP2,,,,,,POSTN,,,PPFIBP2,SIK3
,CAMK2N1,,ZFPM2,,,POLG2,,,RCAN2,RPS27L,,,,,,AXL,,,SHC4,BCL2L11
,ZNF57,,ZFP36,,,ARID1B,,,MICU3,NAA16,,,,,,EFEMP1,,,PARP14,PODXL
,IRAK2,,MOXD1,,,BRD8,,,SAA2,HOXA10,,,,,,FOXC2,,,SAMD9,MDM4
,LY6K,,PDGFRA,,,PTPN6,,,ZFP14,PGM3,,,,,,PPP1R3C,,,CALB2,SELENOK
,ETS2,,PDGFA,,,EPM2AIP1,,,PTAR1,ABTB2,,,,,,ERG,,,DHRS3,AQP3
,PPIF,,PGF,,,ETS2,,,BAALC,ATM,,,,,,LPAR6,,,ALCAM,ATF6B
,ZNF275,,BHLHE41,,,VPS33A,,,ARMC5,KAT6A,,,,,,ZBTB16,,,KCNK12,SMIM22
,LANCL2,,EDIL3,,,CCNA1,,,ADIRF,TUBB6,,,,,,LAMA3,,,ANKRD44,MAPKAPK2
,AEN,,KHDRBS3,,,SIK2,,,MYSM1,KLF5,,,,,,RBM3,,,HMGA2,YWHAH
,F2RL2,,NID1,,,CCPG1,,,RBL2,CLDN15,,,,,,FEZ1,,,ABHD17B,FJX1
,MDGA1,,HIVEP2,,,BMP7,,,TUBGCP6,UBTD2,,,,,,RUBCNL,,,RCAN3,ST3GAL6
,NUP98,,LGMN,,,FGD4,,,LCAT,PTAR1,,,,,,CD63,,,TCN2,SDCBP2
,CSF1,,CACNA2D1,,,RICTOR,,,TMTC1,LTBP4,,,,,,B2M,,,ASPM,PELO
,ADRA2A,,PTHLH,,,UTP3,,,DIRAS3,MYO6,,,,,,ANXA5,,,ATF6B,ATP5MG
,XYLT1,,FXYD6,,,NSMAF,,,ASNS,NUCB2,,,,,,RACK1,,,GPS2,PCBD1
,GBP3,,FILIP1L,,,CLCN7,,,ING3,FBXL20,,,,,,MT1X,,,AURKB,EPB41L4A-AS1
,LYSMD3,,PITPNC1,,,ZNF160,,,ICAM1,CDC37L1,,,,,,FTH1,,,PDGFC,UBL3
,ADPRM,,SYNPO,,,TRPM7,,,TCIRG1,DEPP1,,,,,,KRT14,,,STRIP1,MLLT6
,ITGAV,,SERPING1,,,PHF1,,,DMD,CCNH,,,,,,KRT17,,,TPRA1,CLTA
,UPF3B,,SDC2,,,TNKS,,,NMU,ATF5,,,,,,MT2A,,,ZNF324,RDX
,FBXL7,,GBP2,,,CBFB,,,ERAP2,LRBA,,,,,,,,,CPEB4,ADAM10
,ALCAM,,MSC,,,PTEN,,,IER2,MLLT6,,,,,,,,,PPP4R3A,LRIG1
,DSEL,,TNFRSF12A,,,IFI35,,,VIM-AS1,SOS2,,,,,,,,,FGG,GGA2
,MDM2,,S100A6,,,APPL2,,,CRABP2,POLM,,,,,,,,,PKD2,TECR
,CD47,,RCN3,,,CLASP2,,,NLRC5,FBXO31,,,,,,,,,TENT5C,TNRC6B
,LPAR1,,GREM1,,,TSPAN14,,,CCDC28A,SRSF8,,,,,,,,,ZFP14,GCSH
,LRCH3,,IL3RA,,,PPP2R5C,,,TWIST1,TGFBR2,,,,,,,,,IRF2BP2,LGALS8
,MACF1,,LPAR6,,,RCL1,,,APOL3,CAMK2D,,,,,,,,,RNASEK,MEX3A
,PDGFRB,,VWF,,,MON2,,,AP3M2,NEK1,,,,,,,,,ROBO1,BTG1
,PTPRM,,NRIP3,,,TNRC6B,,,EFNB2,S1PR3,,,,,,,,,N4BP1,TXNDC17
,SGTB,,TESC,,,CEP170,,,MYO1B,IVNS1ABP,,,,,,,,,ZC3HAV1,DDX6
,TRIM9,,CD59,,,MUC20-OT1,,,TJP2,MAP3K4,,,,,,,,,LIX1L,EPS8
,RNF213,,HSPA1L,,,ATF2,,,RRP9,CARD6,,,,,,,,,NR2C2,RNF146
,RNPC3,,ICAM4,,,KMT2E,,,AURKB,BRD1,,,,,,,,,STON1,RCN1
,BNIP2,,ZNF853,,,SKI,,,ZNF230,CLIC4,,,,,,,,,BHLHE41,TTC3
,UBALD2,,GADD45G,,,MGRN1,,,MTERF4,FLCN,,,,,,,,,CARD8-AS1,SMYD3
,BLOC1S6,,ITGA1,,,ZCCHC8,,,POPDC2,GIGYF1,,,,,,,,,PTOV1-AS1,CHD1
,SCG5,,EGFLAM,,,DAPK3,,,CXCL6,CLIC3,,,,,,,,,CDK14,MOSMO
,TMEM43,,DNM3OS,,,PDCL,,,PHC2,MBTD1,,,,,,,,,TTBK2,CCSER2
,TRIB3,,TNNT2,,,WDR48,,,BPGM,KRBOX4,,,,,,,,,MOB3B,ADGRG1
,MEX3C,,ECSCR,,,ELF3,,,CALCOCO1,FBXL3,,,,,,,,,PGM2L1,MXI1
,ANO6,,ARHGAP22,,,TRIM44,,,BTN3A1,STARD3,,,,,,,,,RAPH1,BIN1
,CCNDBP1,,TAC1,,,MAN2C1,,,CHN2,MFGE8,,,,,,,,,NR3C2,RPL22L1
,FMNL2,,RASGRP3,,,USP47,,,SCG2,TFAP2C,,,,,,,,,CCNA1,CCT6A
,XPC,,CD93,,,A4GALT,,,SP140L,GCC2,,,,,,,,,FLCN,INTS6
,MED13,,ARHGAP31,,,NR2C2,,,GUCY1A1,NET1,,,,,,,,,ZNF532,MBNL2
,PLPP4,,BTBD19,,,CTR9,,,DEGS1,MDM1,,,,,,,,,LRP12,CD276
,MTMR3,,SDK1,,,RAB3IP,,,RBM34,NCKAP5L,,,,,,,,,RBL2,UACA
,EID3,,WTAP,,,ANKRD49,,,COL6A3,ARHGEF1,,,,,,,,,NR1D1,PIBF1
,TRIO,,IGFBP6,,,GGA2,,,SOBP,MAP4K5,,,,,,,,,HORMAD1,NSMCE3
,VCPIP1,,ZNF385D,,,SMAP2,,,PRNP,BTAF1,,,,,,,,,CCNL1,DNAJC3
,TNIP2,,ZFAND5,,,MDM4,,,ALCAM,GRB10,,,,,,,,,ZNF10,PAFAH1B3
,NFKBIE,,ALDH1A1,,,KANSL3,,,TRNP1,ANAPC4,,,,,,,,,ZNF224,MFHAS1
,RASSF1,,PDK4,,,TRIM8,,,SIK3,DYRK1A,,,,,,,,,WRN,COL1A1
,CLEC2D,,ADAMTS2,,,TMEM43,,,PRKACB,HAGHL,,,,,,,,,TSPAN33,GOLGA8A
,AVIL,,COLEC12,,,HES6,,,ECT2,TCP11L2,,,,,,,,,ZDBF2,ZFHX3
,PPP1R18,,SPSB1,,,SARNP,,,CAPZA2,TBC1D1,,,,,,,,,ARHGEF2,CHD6
,PCBP3,,LDB2,,,RALGAPA1,,,SERPINH1,SELENOS,,,,,,,,,RAPGEF5,KAT6B
,TTPAL,,CXCL1,,,FAM13B,,,GOLT1B,CYB5D1,,,,,,,,,MGAT1,CREB3L2
,TRIM38,,CCL2,,,MSI2,,,NFIL3,ZNF263,,,,,,,,,C17orf67,UBR3
,DDX6,,MXRA8,,,TGIF1,,,PIK3C3,LPIN2,,,,,,,,,PLCG2,VPS13A
,BLMH,,DCHS1,,,SPOCK2,,,SYNGAP1,LINC01089,,,,,,,,,HCST,COPS8
,FEM1C,,ADPRHL1,,,ANKS3,,,MIS18BP1,ITPKB,,,,,,,,,KLHL2,TMUB2
,TBX2,,IGFBP3,,,TTPAL,,,SH2D2A,RAB30,,,,,,,,,PDK1,SEL1L3
,TMEM200C,,MFSD2A,,,RLF,,,MARF1,NEU1,,,,,,,,,MID1IP1,RBL2
,GFPT2,,GJA1,,,RAP2C,,,DSC2,DNAJC27,,,,,,,,,PARP6,LGALS3BP
,SMPDL3A,,CLMP,,,TCF7,,,MHENCR,CEMIP2,,,,,,,,,ARIH2OS,CEP57
,MOB2,,LMCD1,,,SELENOW,,,HEG1,XPO4,,,,,,,,,CYB5R4,ZC3HAV1
,ZNF493,,NAV3,,,DGKH,,,AKAP12,ORAI1,,,,,,,,,ZNF490,MIA3
,SMAD4,,TCEAL7,,,PAPSS1,,,ZNF211,CCDC88C,,,,,,,,,ZNF136,EDRF1
,ARHGAP20,,F2RL3,,,RAB21,,,FHL2,ARIH1,,,,,,,,,MYLIP,TOMM7
,DENND4C,,PTN,,,PBDC1,,,THEMIS2,DUSP11,,,,,,,,,RIPK1,SEC14L1
,RLF,,ICAM1,,,LYAR,,,ZNF844,ITFG2,,,,,,,,,SLC2A3,TNRC6A
,PPFIA2,,SLC7A8,,,ARL4C,,,MFGE8,SIRT1,,,,,,,,,LPXN,APPBP2
,KHNYN,,CLEC2B,,,SPEN,,,IFIT1,GZF1,,,,,,,,,CTCFL,PTEN
,TBC1D15,,XBP1,,,HIPK2,,,PCSK1N,ATF2,,,,,,,,,SSH1,CWC25
,AKR1B1,,LUM,,,ZNF263,,,CNKSR3,CENPT,,,,,,,,,PRDM2,TRPM7
,USP12,,OAF,,,ING3,,,FNBP1,ZNF350,,,,,,,,,APOL1,TRMT13
,YWHAZ,,GLIS3,,,PPTC7,,,CLASP1,VPS13A,,,,,,,,,IL17RA,EPC1
,MTMR10,,FZD10,,,TLN1,,,APOBEC3C,SNX18,,,,,,,,,GPRASP1,ZFP14
,PTGR1,,CPXM1,,,MFHAS1,,,FNDC3B,HTATIP2,,,,,,,,,ZNF503,CSRP2
,CCT5,,SLC16A6,,,NKTR,,,SMC5,TFPI2,,,,,,,,,IKBIP,PCMTD2
,PLA2G4C,,ADRA2A,,,TOPORS,,,BISPR,RHBDD2,,,,,,,,,TWIST1,LATS1
,ITGA10,,S1PR3,,,ATXN7L3,,,LIMS2,TTBK2,,,,,,,,,RNF19A,ABL1
,IRF2,,GADD45A,,,B3GNT5,,,TBCC,ESCO1,,,,,,,,,CD83,CRYL1
,ZDBF2,,NEFM,,,KANSL1,,,CDC42EP5,SESN1,,,,,,,,,SOS2,POLK
,ZFAND5,,TBX2,,,MAPK6,,,HELLS,FRMD6,,,,,,,,,PTMS,PRCP
,UTP3,,AGR3,,,NPC2,,,SLC25A28,MAP3K1,,,,,,,,,PHLDB1,RGS12
,TOMM40,,PRICKLE2,,,AKR1B1,,,SPARC,HDAC5,,,,,,,,,SATB2,PPP1CA
,PTPRE,,FJX1,,,AURKA,,,WRN,FBXO34,,,,,,,,,GTF2B,ID4
,CREB3L2,,EMILIN1,,,JMJD6,,,SLC2A3,SEC11C,,,,,,,,,ASTE1,HIPK1
,RAD50,,CSNK2A3,,,HDAC9,,,PRDM2,ATXN7L3,,,,,,,,,SDCBP2,TP53I3
,ROR1-AS1,,MEG3,,,IFITM1,,,TNRC6B,ZNRF2,,,,,,,,,PDLIM7,PTAR1
,IL34,,RND3,,,ABLIM1,,,HCST,CDK6,,,,,,,,,RAP2C,KANSL1
,MAFG,,SELENOM,,,TSC2,,,RAB20,SNRK,,,,,,,,,AKT3,FRYL
,GLA,,GUCY1A2,,,VGLL4,,,NFAT5,ATXN3,,,,,,,,,CEP120,PIK3R3
,CMYA5,,SERPINE1,,,FAM50A,,,RICTOR,IPMK,,,,,,,,,ZNF550,AMIGO2
,SERINC1,,PGR,,,SETX,,,COPS8,KIAA1328,,,,,,,,,STARD3,CAMK2D
,EFHD1,,PTGER3,,,EVA1B,,,ZNF532,RIPK2,,,,,,,,,FBXL3,MRPL57
,KLHL28,,DES,,,GNAI2,,,PTPRG,MLLT3,,,,,,,,,PCNX1,CAPRIN2
,AKT3,,RPS21,,,MTHFD2,,,MFSD8,BCL11A,,,,,,,,,TNFAIP8L1,JPT1
,CCDC82,,SULT1C4,,,DGKD,,,CAPRIN2,SPRED1,,,,,,,,,VPS13B,ZNF43
,RB1,,TXN,,,C3,,,DMKN,R3HDM2,,,,,,,,,EHF,CSPP1
,SLC6A8,,NFKBIA,,,NFIB,,,IFI44,FYN,,,,,,,,,FBXO33,USP54
,GRAMD1A,,GFRA2,,,CPEB4,,,PTPRJ,SMARCA2,,,,,,,,,VMO1,SPG11
,CEP350,,TMEM196,,,BAG3,,,SNTB2,BLOC1S6,,,,,,,,,ARL14,DCN
,CARD8-AS1,,KLK2,,,RCAN3,,,GNA15,NR2C1,,,,,,,,,ZNF230,NDE1
,HAPLN3,,KLK3,,,NFKB1,,,INO80D,ZNF10,,,,,,,,,NAA16,PSD3
,ZBED1,,CXCL8,,,MOB2,,,ARHGEF40,PHTF2,,,,,,,,,ENTPD4,ENAH
,VPS13C,,,,,MFSD1,,,LMO7,FOXO3,,,,,,,,,SH3BP5-AS1,MED23
,BACH1,,,,,SAP30,,,CARD8-AS1,JUP,,,,,,,,,RGL1,ZNF493
,BTN2A2,,,,,CKLF,,,GTF2B,MAN2C1,,,,,,,,,CBLB,PEX1
,FGFR1,,,,,R3HDM4,,,RECQL,CMYA5,,,,,,,,,ARAP2,PYCARD
,CDKN2B,,,,,SAMD9,,,NOP2,ZNF800,,,,,,,,,MAN2C1,JAG1
,GBP4,,,,,TSPAN31,,,RABGAP1L,CREM,,,,,,,,,RIPOR1,COL4A1
,CHRDL1,,,,,CPM,,,MOB2,ZNF532,,,,,,,,,IL17RB,MYLK
,CD274,,,,,ADGRF1,,,SH3PXD2B,NXN,,,,,,,,,ZCCHC3,MTUS1
,CYLD,,,,,IVNS1ABP,,,VPS13B,PRKCA,,,,,,,,,CP,RGS10
,LIMS1,,,,,RBP1,,,ZNF350,TRIM47,,,,,,,,,CYB5D1,FAT1
,PPP4R3A,,,,,RNF213,,,LPXN,NPHP3,,,,,,,,,MIR222HG,ASAH1
,ATG14,,,,,KCNG1,,,SBDS,FRYL,,,,,,,,,SLC1A4,CPEB4
,ZNFX1,,,,,STOM,,,A1BG,CCDC174,,,,,,,,,EPOP,ADD3
,TALDO1,,,,,ARHGAP26,,,VEGFA,ZBTB25,,,,,,,,,DERL3,ERBIN
,SELENOS,,,,,PSEN1,,,HECA,LPIN1,,,,,,,,,CNNM2,SLC25A4
,CEP170,,,,,GYPC,,,MOXD1,RNF145,,,,,,,,,NRARP,CCDC191
,SIRPA,,,,,EPAS1,,,ARHGEF10,TUSC1,,,,,,,,,PCED1B,CHST12
,CHD1,,,,,SAMD4A,,,RRAGD,SARAF,,,,,,,,,PARP10,KIZ
,PGM3,,,,,ORMDL3,,,P4HA3,SLC25A6,,,,,,,,,UBN2,WDR11
,MAPK8,,,,,REC8,,,VEGFC,ATG14,,,,,,,,,KLF7,PCOLCE
,RGS17,,,,,PFN1,,,MLLT6,SYBU,,,,,,,,,NOTCH1,UGDH
,KLHL2,,,,,CTSD,,,SMYD4,LCORL,,,,,,,,,TTC33,MAP2K6
,DNAJC15,,,,,PCBD1,,,RASGEF1B,FAM193A,,,,,,,,,GIT2,PRMT9
,FNIP1,,,,,COL1A2,,,DDB2,RNPEPL1,,,,,,,,,LIF,NHLRC3
,PPP1R10,,,,,RAPGEF1,,,DCP2,SMC5,,,,,,,,,PPP1R18,SPART
,PPM1K,,,,,ZNF224,,,ZNF841,MADD,,,,,,,,,SUPT20H,INO80D
,EDEM1,,,,,ATOX1,,,SNX25,SDE2,,,,,,,,,USP11,ELF2
,IL15RA,,,,,SPHK1,,,XPO4,ANKRD10,,,,,,,,,RAB20,GORAB
,RETREG1,,,,,FKBP5,,,ITGA6,MANF,,,,,,,,,RBM5,LRBA
,IFI16,,,,,GAK,,,TDRD3,VASN,,,,,,,,,STK4,NECTIN3
,TMEM51,,,,,ETFB,,,RPA3,FGF2,,,,,,,,,RORA,SLC39A6
,RPS6KA3,,,,,TACC1,,,KYNU,MIDN,,,,,,,,,NR4A1,SUMF2
,PPP3CC,,,,,SMIM14,,,AMDHD2,PRH1,,,,,,,,,NKTR,ODF2L
,RP2,,,,,PHC2,,,ETV7,KDSR,,,,,,,,,CROCC,C1orf21
,RAB32,,,,,TSPAN13,,,HMBOX1,PRSS23,,,,,,,,,TTLL10,YTHDC2
,SCN1B,,,,,KLF9,,,TRMT13,CHD1,,,,,,,,,HIPK1,IL6ST
,TUBB6,,,,,ADM,,,ITFG2,UBQLN2,,,,,,,,,CD302,PEAK1
,DIP2C,,,,,EXOG,,,ZNF335,PPIF,,,,,,,,,CCDC7,BNIP3L
,NOTCH2,,,,,TMEM38B,,,AGO4,NXF1,,,,,,,,,ATAD2B,LIMS1
,WASHC4,,,,,RRAGD,,,HS3ST1,CTDP1,,,,,,,,,CTNNB1,ID2
,PIGA,,,,,TIAM2,,,GNG7,RNF146,,,,,,,,,SIRT1,TTC21B
,ZBTB6,,,,,YPEL2,,,COL16A1,JMY,,,,,,,,,MT1G,PTGS2
,MAN1A1,,,,,CDH6,,,ACOT9,CX3CL1,,,,,,,,,MFSD8,CDH1
,ABRACL,,,,,C17orf67,,,LAMB2,MLH3,,,,,,,,,SETD2,ARHGAP26
,UBL3,,,,,FLNC,,,NPHP3,ARHGEF10,,,,,,,,,BMF,PALLD
,BRI3,,,,,MTHFR,,,RGS3,DIMT1,,,,,,,,,MYO15B,SIPA1L2
,PERP,,,,,RNF180,,,CTSF,MAP3K3,,,,,,,,,CYTH1,HLA-DMB
,IGSF10,,,,,AHR,,,ZRANB1,CENPC,,,,,,,,,TUBA4A,HELQ
,GNG2,,,,,TXNDC17,,,RAB29,PCMTD2,,,,,,,,,KCTD17,SLC43A2
,PRRX1,,,,,SEC14L1,,,FAM3C,JMJD6,,,,,,,,,ADM5,DMXL2
,MDFIC,,,,,ANK3,,,IFI35,PLEKHF2,,,,,,,,,MED15,LGR5
,AP1S2,,,,,ANXA11,,,RAB39B,TAPT1,,,,,,,,,FBLN2,PHLDA1
,TCEAL9,,,,,SWAP70,,,SPRY4,TNFAIP8L1,,,,,,,,,PLCXD1,TNKS
,HOTAIRM1,,,,,SMAD7,,,CLK4,SLC20A2,,,,,,,,,TECPR1,SMIM14
,PLEKHO2,,,,,ZC3H12A,,,RBM7,INO80,,,,,,,,,DUSP18,NRTN
,KITLG,,,,,KLHL21,,,LPIN2,ZBTB1,,,,,,,,,MAP3K3,OSTF1
,BTG3,,,,,ITGA6,,,SATB2,SIK2,,,,,,,,,IRF7,HILPDA
,SPOCK1,,,,,CLEC11A,,,PPP4R3A,VPS13D,,,,,,,,,MITF,USF1
,CAST,,,,,MUL1,,,VTI1A,VCPIP1,,,,,,,,,GRAMD1A,RHOU
,SLC31A2,,,,,KIAA0232,,,VAMP2,N4BP1,,,,,,,,,UNC5B,ATP5MC2
,USP38,,,,,TTC14,,,BMF,INPP1,,,,,,,,,DAB2,WLS
,TTC14,,,,,SUN2,,,SIRT1,RHOBTB3,,,,,,,,,RNF213,JADE1
,RGS12,,,,,FAM228B,,,SLC39A14,PKNOX1,,,,,,,,,ESAM,ZFYVE16
,ALDH2,,,,,BCAS4,,,BOLA3,HACL1,,,,,,,,,UTP3,REV3L
,NTNG2,,,,,DSC2,,,MSLN,TCEA3,,,,,,,,,SCD,TSTD1
,ZNF841,,,,,SEMA3C,,,TRAPPC2,ARL13B,,,,,,,,,ZFHX3,GLYR1
,SULF1,,,,,S100A1,,,PKD2,PPP1R1B,,,,,,,,,CBX4,SERINC5
,LAYN,,,,,ADD1,,,HECTD2,SIN3A,,,,,,,,,JAK2,SMC2
,TBX15,,,,,RFFL,,,KCTD17,EXOSC6,,,,,,,,,FZD4,PLXDC2
,CAMTA2,,,,,SP140L,,,ANKRD49,PHF10,,,,,,,,,SWT1,CMTM3
,ARAP2,,,,,DDB2,,,ATF2,DHRS12,,,,,,,,,ZNF350,ACSM3
,HOXA10,,,,,ZNF324,,,IL17RA,CCNT2,,,,,,,,,ACSL1,ABRAXAS1
,JARID2,,,,,TCIRG1,,,FLT3LG,KDM5A,,,,,,,,,B3GNT5,DUT
,TRAF1,,,,,LGALS9,,,TNFSF9,PDE7A,,,,,,,,,PRKAG2-AS1,IDH2
,AR,,,,,SLAIN1,,,ADM5,RNASEK,,,,,,,,,HECTD2,DCBLD2
,IGF2R,,,,,KIAA0930,,,CNIH3,YPEL2,,,,,,,,,SPSB3,CGNL1
,GRIN2A,,,,,SSR4,,,HIVEP1,PRKCH,,,,,,,,,GPRC5A,KCNMA1
,ACSL1,,,,,LRRFIP1,,,LPIN1,PXDC1,,,,,,,,,ASAP1,ANKRA2
,SMOX,,,,,RPL36A,,,CCDC115,MPZL3,,,,,,,,,CDK2AP2,LAPTM4A
,RAI14,,,,,SPON1,,,IQCA1,USP47,,,,,,,,,NABP1,PSAT1
,NFKB1,,,,,POC1B-AS1,,,TUBA4A,STK38L,,,,,,,,,PLD1,CDC14A
,OGFRL1,,,,,RASAL2,,,CCDC66,THAP3,,,,,,,,,PRRX2,HTRA1
,GNAL,,,,,PPP1R15A,,,TBC1D15,UBL3,,,,,,,,,IL32,SLC44A1
,RASGEF1B,,,,,RETREG3,,,PI4K2A,TRPC4AP,,,,,,,,,CHD6,ABHD14B
,C3orf52,,,,,RIN3,,,TRAK2,ROPN1,,,,,,,,,COL27A1,STIM2
,CAPN2,,,,,ASS1,,,TTPAL,PCGF5,,,,,,,,,RAB25,CRISPLD2
,MAP1B,,,,,LYSMD2,,,GGA2,BATF,,,,,,,,,CARF,SYNE1
,HIF1A,,,,,BMP2K,,,ALDOA,KLF11,,,,,,,,,GXYLT2,FBXL20
,ARHGAP31,,,,,TNS2,,,RAB33B,MICAL2,,,,,,,,,TUBB2A,KPNA5
,ATP13A3,,,,,PCMTD2,,,OAS3,AFDN,,,,,,,,,ZNF844,GBE1
,B4GALT1,,,,,NDEL1,,,FOXN2,RIPOR1,,,,,,,,,CCDC144A,PRAME
,NAV2,,,,,PLLP,,,KLF16,NEK7,,,,,,,,,CSNK1G2,CBFB
,GALNT9,,,,,KIZ,,,USP11,LAMB2,,,,,,,,,LRCH1,ROBO1
,NBN,,,,,RNASEK,,,WHAMM,CEBPA,,,,,,,,,VTI1A,PDLIM1
,PTGER3,,,,,MGST3,,,ATP6V0A2,SMCR8,,,,,,,,,DNMBP,PARP1
,GPAT3,,,,,FOXO3,,,FRYL,APPL2,,,,,,,,,IL15RA,AFF1
,ZNF295-AS1,,,,,GPC6,,,TNKS2,CEP290,,,,,,,,,ENPP4,CPM
,PTPN1,,,,,HLA-DMB,,,PLD1,FBXO8,,,,,,,,,MAP2K1,PLXNA2
,AKAP13,,,,,EMILIN2,,,NXF1,ZC3H7A,,,,,,,,,KANTR,GSTO1
,ACO1,,,,,CYGB,,,ANKAR,CREB3L2,,,,,,,,,FBXW7,ARAP1
,SLC22A3,,,,,MYADM,,,SYNJ2,STT3B,,,,,,,,,TFAP2C,SPON2
,CYTOR,,,,,CDKN2D,,,FZD7,SETX,,,,,,,,,AP1S2,SESN1
,TP53BP2,,,,,SLC1A5,,,DEDD2,CTAG2,,,,,,,,,PLA2G4C,ATM
,CLIC1,,,,,EOGT,,,EPC1,LITAF,,,,,,,,,SLC25A6,CITED2
,CD40,,,,,SH3KBP1,,,HOOK3,DUSP14,,,,,,,,,LINC00115,MDM1
,EMILIN2,,,,,ABTB1,,,SLC26A11,FAM241A,,,,,,,,,ZNF805,DSC2
,A4GALT,,,,,IDS,,,SYT12,BCL10,,,,,,,,,CBFB,PBX1
,DSC2,,,,,DAPP1,,,ARHGAP24,MTR,,,,,,,,,SOX6,SPATA6
,KLF13,,,,,CMBL,,,OAS1,CNOT6L,,,,,,,,,CENPT,TMEM231
,IL7,,,,,NNMT,,,JAK2,SERINC5,,,,,,,,,BARX1,PPP1R14A
,LBH,,,,,FBLN1,,,GOLGA8B,CLK3,,,,,,,,,KIF13B,TMEM220
,TC2N,,,,,PDLIM5,,,SFR1,WDR26,,,,,,,,,SESN1,RNFT1
,EFHD2,,,,,CLDN10,,,SH2B3,DEGS1,,,,,,,,,TSPAN14,DLC1
,GCNT4,,,,,RELT,,,UTRN,MED17,,,,,,,,,GINS2,SOX5
,OAS2,,,,,DOK1,,,RIPK2,CLASP2,,,,,,,,,EEPD1,ZNF704
,FSD1L,,,,,MT1F,,,USPL1,EVL,,,,,,,,,ABCG1,PRKCA
,NEURL3,,,,,INAFM1,,,KRBOX4,XPC,,,,,,,,,JUP,PRSS23
,PAMR1,,,,,SPA17,,,SEC24C,GLT8D1,,,,,,,,,NPL,RPS27L
,CST2,,,,,KRT16,,,SKI,CHPT1,,,,,,,,,BORCS5,CCDC88C
,KIF21A,,,,,HTATIP2,,,JOSD1,CD99,,,,,,,,,CDKN1C,HMGN1
,SATB2,,,,,ATP5IF1,,,PDE8A,MCOLN1,,,,,,,,,CRY2,UQCRQ
,NRIP3,,,,,DAB2,,,PIM2,ELL,,,,,,,,,FAM53B,P4HA1
,BZW1,,,,,CDC42EP2,,,LRRC75A,AQP3,,,,,,,,,MAP2K3,TMEM154
,TBC1D9,,,,,DKK3,,,LINP1,C1orf21,,,,,,,,,IP6K1,CC2D2A
,GCLM,,,,,CPD,,,ATAD2B,MAFB,,,,,,,,,MTR,GREB1
,AFF3,,,,,KRT5,,,MED30,EPB41,,,,,,,,,SRGAP2,ZNF100
,MIR4435-2HG,,,,,SMIM22,,,CDC42SE2,CEP135,,,,,,,,,GPATCH8,HOXA-AS3
,TMEM165,,,,,EPB41L4A-AS1,,,CYP20A1,HPS4,,,,,,,,,WDR47,SSBP2
,TUT7,,,,,POU2F2,,,GPC6,ARFGAP3,,,,,,,,,NPHP3,EMX2OS
,MAD1L1,,,,,KAZN,,,TPST1,SERPINB1,,,,,,,,,DCK,STC1
,DDX21,,,,,ZBTB16,,,TNK2,ITPR2,,,,,,,,,AUH,PDPR
,SERPINA1,,,,,TRIM47,,,ATP1B1,TMEM43,,,,,,,,,SLC39A10,NPDC1
,TRANK1,,,,,MSN,,,NKTR,BDH2,,,,,,,,,SNX25,GRAMD4
,MED10,,,,,MAFK,,,VPS13D,SSH2,,,,,,,,,TAB2,CYB5A
,SLC7A11,,,,,RALA,,,EFNA1,FOXN3,,,,,,,,,MOB1B,FAM111A
,SHISAL1,,,,,SLC30A2,,,EDRF1,SLC43A3,,,,,,,,,UBA7,DYNC2H1
,PDE4DIP,,,,,DUSP18,,,ADA,ANXA6,,,,,,,,,UTRN,MARCKS
,ATP6V1B2,,,,,PRKCH,,,TCEAL8,CDC42SE1,,,,,,,,,FAM228B,HES6
,IKZF2,,,,,C8orf88,,,MSN,NBN,,,,,,,,,HAUS3,SPTBN1
,VEGFC,,,,,NDUFB2,,,LNPEP,POLG2,,,,,,,,,THAP2,RABGAP1L
,ZC3H12C,,,,,PDE4DIP,,,DNAJB14,CEP68,,,,,,,,,IFFO2,RAMP1
,PGR,,,,,EHF,,,GNPTAB,KLF16,,,,,,,,,PTCHD3P1,RASSF6
,HDAC9,,,,,LGALS1,,,CXorf38,EIF1B,,,,,,,,,KANSL2,PLEKHB1
,JAK1,,,,,ARL4D,,,ZNF90,PLEC,,,,,,,,,MYO5A,ID3
,GBP5,,,,,PLEC,,,OXNAD1,SMPD1,,,,,,,,,TGFBR2,FADS2
,CDH2,,,,,SERTAD1,,,DOK5,XRN1,,,,,,,,,MICAL2,IL33
,CCNA1,,,,,FAM241A,,,HDAC9,BNIP2,,,,,,,,,KLF16,GADD45G
,SLFN5,,,,,AMIGO2,,,TRAF3,TSPAN15,,,,,,,,,LPIN2,KCNRG
,MYO1B,,,,,SMARCA2,,,PDGFB,TC2N,,,,,,,,,ZBTB25,HSD17B11
,PFN1,,,,,PALLD,,,CA9,HBP1,,,,,,,,,GYPC,MLLT3
,IRX2,,,,,VAMP2,,,ABTB1,AKAP1,,,,,,,,,RPA2,SPEF2
,CHST2,,,,,SST,,,FGFR1OP2,MTMR4,,,,,,,,,LRRC37B,JSRP1
,DAB2,,,,,FILIP1L,,,CDK11A,TUT7,,,,,,,,,CAPZA2,HOXA5
,CXCR3,,,,,ADIRF,,,RHOT2,NORAD,,,,,,,,,MAP3K8,NEK5
,IL15,,,,,ALDH2,,,RFTN1,ELF1,,,,,,,,,MORC3,TSPAN5
,CBR3,,,,,TLR2,,,ANKRD36B,PHC2,,,,,,,,,HEXA,TRPS1
,ARHGAP22,,,,,LUCAT1,,,PAPSS1,TCTN3,,,,,,,,,DGKE,HSPA8
,FGF2,,,,,RAB39B,,,EID2B,ZNFX1,,,,,,,,,ZFAND5,XBP1
,SOAT1,,,,,GFPT2,,,WDR37,NCS1,,,,,,,,,CD27-AS1,PSPH
,HS3ST3B1,,,,,CCND2,,,PIGA,BHLHE41,,,,,,,,,ACOT9,VCAN
,LRRC8C,,,,,DNAJB4,,,ZFAND2A,UBAP1,,,,,,,,,LTC4S,TMC5
,RASSF8,,,,,CXCL17,,,EFNB1,SAMD8,,,,,,,,,KMT2E,BAIAP3
,SLC22A1,,,,,DEFB4A,,,NCKAP5L,ST3GAL1,,,,,,,,,DENND2C,TUBA1A
,FNIP2,,,,,USP53,,,GPAT4,SYNM,,,,,,,,,SAMD8,TCF4
,AJAP1,,,,,RHOBTB3,,,PEAK1,TM2D3,,,,,,,,,PRKDC,SNRPN
,DPYSL4,,,,,OXTR,,,SASH1,TAB2,,,,,,,,,NMU,RFXAP
,APOL6,,,,,LONRF2,,,COL27A1,BMP2K,,,,,,,,,NUF2,KCNN3
,IL4I1,,,,,DHRS7,,,CYTH1,PEA15,,,,,,,,,FAM193A,IL18
,NR2F1-AS1,,,,,PLD3,,,LYPD3,ZNF277,,,,,,,,,MOB3A,TGFBI
,NRP1,,,,,HSPB8,,,PROM1,USP15,,,,,,,,,SHPRH,DEGS2
,DRAM1,,,,,EIF5A,,,RIN2,A1BG,,,,,,,,,GPSM3,MLPH
,RBM3,,,,,PLEKHF1,,,ZMYM5,CYB5R4,,,,,,,,,DNAJC27,SAMHD1
,ZFP36L1,,,,,CTHRC1,,,ROBO1,SVIL,,,,,,,,,KRBOX4,STMN1
,DPEP1,,,,,RASSF8-AS1,,,EXOC8,COQ10B,,,,,,,,,RALGDS,ARHGAP18
,RASA2,,,,,SDCBP2,,,DNAJB4,DHRS7,,,,,,,,,ZZEF1,LUM
,EMP2,,,,,PALMD,,,ZMIZ1,MSN,,,,,,,,,RERG,CFD
,TNC,,,,,LEF1,,,CWC25,B4GALT1,,,,,,,,,CCNT2,UBE2T
,MX1,,,,,EZR,,,SCAPER,MAP3K8,,,,,,,,,CEP95,SPARCL1
,APCDD1L,,,,,LINC01436,,,KDM4C,NMB,,,,,,,,,GPATCH3,CCND2
,CLDN14,,,,,TPRA1,,,ZNF805,DNAJB1,,,,,,,,,CAPN10-DT,SPATA18
,ANXA2,,,,,PYCARD,,,TAB2,MAP1B,,,,,,,,,CCDC186,IGFBP4
,B3GNT2,,,,,CCDC74A,,,SSH1,ADAMTS1,,,,,,,,,AURKA,CFAP54
,FBXO32,,,,,DNALI1,,,KIAA1328,EN1,,,,,,,,,PHF11,PDGFRB
,SLC7A8,,,,,RGS2,,,STIM2,CPQ,,,,,,,,,UBAP1,DNAJB13
,TBC1D2,,,,,HECTD4,,,CMTM8,NECAP2,,,,,,,,,PTPN13,KLHL14
,RUBCNL,,,,,AKR1C1,,,ATP2B1-AS1,RRAGD,,,,,,,,,ZNF746,SPAG8
,ESR1,,,,,ZBTB38,,,DAPP1,NPC1,,,,,,,,,LAMB1,UBXN10
,WFDC1,,,,,ABR,,,CNNM2,AKAP17A,,,,,,,,,XPA,COL3A1
,ARID5B,,,,,TTC9,,,TNFSF10,ITM2B,,,,,,,,,RAPGEF2,C11orf16
,ENTHD1,,,,,ARL10,,,POU2F2,CYP7B1,,,,,,,,,MAP4K5,EFHC1
,MICAL2,,,,,SPATA13,,,SIPA1L1,ACOT9,,,,,,,,,CLN8,CCDC17
,HOXA11,,,,,ASPHD2,,,KDM3A,SEMA6A,,,,,,,,,BCLAF3,ERG
,ARL4C,,,,,NMU,,,MYLK,LIMD2,,,,,,,,,CHN1,PEG10
,HLA-E,,,,,BTG2,,,RABGEF1,BEX4,,,,,,,,,ZNF160,ADAM28
,CYP1B1,,,,,NPW,,,GLIPR2,TUG1,,,,,,,,,WHAMM,CFAP70
,PKM,,,,,MIR181A1HG,,,RYBP,STAT5A,,,,,,,,,CENPC,DNAH6
,RAMP1,,,,,DEFB1,,,JDP2,KCTD5,,,,,,,,,VAMP2,SESN3
,PAPPA,,,,,LHFPL2,,,ANXA11,CLIP4,,,,,,,,,PPP3CC,HSPA2
,APOBEC3G,,,,,SLC6A14,,,KLF13,CDC42EP5,,,,,,,,,GTF2IRD2,LPAR6
,AADAC,,,,,DEDD2,,,ZNF91,IL32,,,,,,,,,HELB,SPDEF
,TNFRSF9,,,,,TSC22D1,,,UBQLN2,ASAH1,,,,,,,,,LINC01355,ANXA1
,PDLIM4,,,,,GALNT5,,,GAL,CYLD,,,,,,,,,BORCS6,CEP126
,CD70,,,,,SNCA,,,LAP3,PLEKHM2,,,,,,,,,IPMK,PKDCC
,S100A16,,,,,CTSF,,,TNFRSF25,ETV3,,,,,,,,,UBR3,HEY1
,NINJ1,,,,,GJB3,,,PHC3,SH3BP2,,,,,,,,,PDE7A,ADAMTS7
,ATP2B1,,,,,ARHGEF3,,,RNASEK,IL4R,,,,,,,,,HTATIP2,FHAD1
,LMO4,,,,,PAM,,,MAN2C1,MX2,,,,,,,,,CXorf38,ERICH3
,POSTN,,,,,ALOX5,,,METTL17,RHOF,,,,,,,,,LEPROTL1,LRRIQ1
,GPR84,,,,,LINC00992,,,OSTM1,RASSF4,,,,,,,,,RRN3,DRC1
,PRDX1,,,,,BTNL9,,,MED15,ANGPTL4,,,,,,,,,ARRDC2,PGR
,EMP3,,,,,PKIG,,,LAMC1,B3GNT5,,,,,,,,,ZNF26,TMEM232
,CFD,,,,,KRT13,,,ABLIM1,CREB5,,,,,,,,,CDKN1A,LEF1
,GFRA2,,,,,HLA-DRB1,,,GIGYF1,SLC43A2,,,,,,,,,GGA2,ESR1
,CPB1,,,,,PDK4,,,DYRK1A,TNIP3,,,,,,,,,RPGR,DYNLRB2
,GEM,,,,,IFITM2,,,ENTPD4,ELK3,,,,,,,,,RNF152,TMX4
,SLAMF8,,,,,VAMP5,,,ZNF266,KSR1,,,,,,,,,ATXN7L3,CCDC187
,HLA-B,,,,,TSPAN1,,,ITPRIP,PLCB1,,,,,,,,,DNAJB14,CCDC170
,CEBPB,,,,,CRYL1,,,STK38L,LAIR1,,,,,,,,,ARHGEF40,CALM1
,MT-ATP6,,,,,NBL1,,,ZC3HAV1,MIR4458HG,,,,,,,,,EPAS1,RSPH4A
,L1TD1,,,,,ECI2,,,TDRP,PLAGL1,,,,,,,,,RGPD5,TP53AIP1
,UBB,,,,,GLIS3,,,SMURF2,GREB1,,,,,,,,,FXYD6,PLPP2
,MEDAG,,,,,ZYX,,,ZNF333,UAP1,,,,,,,,,RAB2B,PRR29
,CBLN2,,,,,SYTL3,,,TRPC4AP,CD40,,,,,,,,,CCNL2,SERPINA6
,KRT19,,,,,DUSP14,,,UBAP1,OTUD1,,,,,,,,,CCL28,NT5E
,SQSTM1,,,,,TMEM45B,,,TNRC6A,FNDC3B,,,,,,,,,CHST7,MRLN
,CXCL10,,,,,COL7A1,,,LATS1,NRIP3,,,,,,,,,ATP11B,CFAP157
,PMP22,,,,,ST3GAL1,,,CDC42EP2,N4BP2L1,,,,,,,,,CREBBP,SAXO2
,PLIN2,,,,,PAQR8,,,RDX,AP5B1,,,,,,,,,GLA,KIF19
,RSAD2,,,,,NOTUM,,,USP38,ACSL1,,,,,,,,,KALRN,CFAP43
,NEAT1,,,,,TIPARP,,,APAF1,TAGAP,,,,,,,,,RHOBTB3,MDK
,RND3,,,,,AKR1C3,,,ZC3H7A,RAPGEF1,,,,,,,,,RBKS,HOXA10
,SAT1,,,,,ASRGL1,,,IRF2BPL,CBS,,,,,,,,,GCLC,CD164L2
,CD63,,,,,LNX1,,,TTC39B,PTK2B,,,,,,,,,RIMKLB,PIGR
,TXN,,,,,ARL6IP5,,,CREBBP,SLC16A3,,,,,,,,,KDM3A,VWA3A
,HMOX1,,,,,ADAP2,,,PPIL2,HK2,,,,,,,,,CHIC2,PPIB
,FTH1,,,,,TCN2,,,ANK3,ZC3H12A,,,,,,,,,IL34,SORBS2
,MT2A,,,,,CPXM1,,,DENND6A,MIR22HG,,,,,,,,,PIK3C2B,CFAP46
,,,,,,JAZF1,,,SCML1,IL1R1,,,,,,,,,KIAA1217,FABP6
,,,,,,VNN1,,,SIN3A,NTRK2,,,,,,,,,YJU2,CXCL14
,,,,,,IGFBP4,,,ANKRD36,MREG,,,,,,,,,ATP11C,HOXA9
,,,,,,LAMB3,,,YJU2,WSB1,,,,,,,,,TMEM243,RPL23
,,,,,,CFAP70,,,RGS14,C11orf96,,,,,,,,,RAB33B,RIIAD1
,,,,,,CTH,,,MAFK,TCEAL9,,,,,,,,,SYNRG,C11orf97
,,,,,,FAM3B,,,SLC2A4RG,GPX7,,,,,,,,,ATP2B4,GPX4
,,,,,,RNASET2,,,RETREG3,GABRE,,,,,,,,,FGFR1,FBLN1
,,,,,,TXNIP,,,PTCH1,NCF4,,,,,,,,,LEMD3,MSX1
,,,,,,CLCF1,,,EXOSC6,SLC2A3,,,,,,,,,N4BP2,TMSB10
,,,,,,CDKN1A,,,ZBTB17,WIPI1,,,,,,,,,PTPRM,CERKL
,,,,,,GAST,,,TP53INP2,DMXL2,,,,,,,,,PCNX4,FAM181B
,,,,,,PPM1M,,,SERTAD1,LONRF1,,,,,,,,,RSBN1L,GUCY1A1
,,,,,,LINC00685,,,ATXN7L3,LST1,,,,,,,,,THAP5,HOXD8
,,,,,,IGF1,,,MCC,SLFN5,,,,,,,,,ZFYVE26,MAP3K19
,,,,,,STK17A,,,RHBDF2,WASH4P,,,,,,,,,HK2,CFAP299
,,,,,,RAB30,,,DCUN1D3,EPSTI1,,,,,,,,,NR2C1,C22orf15
,,,,,,GALNT18,,,FBXO8,USP12,,,,,,,,,IREB2,ZNF295-AS1
,,,,,,PTMS,,,MAP3K3,PLTP,,,,,,,,,ZNF384,MSX2
,,,,,,TCEA3,,,RRP12,TIPARP,,,,,,,,,MARCO,TSNAXIP1
,,,,,,RERG,,,PDPR,MAP2K3,,,,,,,,,ANKRD36B,DZIP1L
,,,,,,CLGN,,,TNIP2,FN1,,,,,,,,,ABL1,STOML3
,,,,,,LINC00513,,,MAP4K5,LRP1,,,,,,,,,RBM4,FAM216B
,,,,,,CDSN,,,APOL1,INSIG1,,,,,,,,,VCL,ANKRD66
,,,,,,ZFAND2A,,,RGPD5,FSCN1,,,,,,,,,PHF13,AKAP14
,,,,,,IER2,,,OAF,PSTPIP2,,,,,,,,,UBQLN2,CDHR4
,,,,,,PPM1N,,,ABLIM3,SLC12A7,,,,,,,,,ANKRD28,TEKT1
,,,,,,PEA15,,,ANKLE2,MGRN1,,,,,,,,,ZNF493,MORN5
,,,,,,MYEOV,,,SOS2,MTSS1,,,,,,,,,CHD2,OMG
,,,,,,SQSTM1,,,KHDRBS3,GLYR1,,,,,,,,,GCNT1,
,,,,,,CKMT2,,,GCC2,DOCK8,,,,,,,,,DDX28,
,,,,,,SBSPON,,,KDM5C,TBXAS1,,,,,,,,,ART3,
,,,,,,VGLL3,,,SMCR8,HERC6,,,,,,,,,PPIL2,
,,,,,,APBB1,,,ZBTB38,IGFBP3,,,,,,,,,CAMTA2,
,,,,,,DLC1,,,USP15,CD55,,,,,,,,,ULK4,
,,,,,,DRC3,,,VWA1,MAP1LC3A,,,,,,,,,VCPKMT,
,,,,,,CD59,,,PHF10,GABRP,,,,,,,,,N4BP2L2,
,,,,,,SMARCD3,,,NXN,TPT1-AS1,,,,,,,,,TDRP,
,,,,,,IL10RA,,,UBA6,CLEC2L,,,,,,,,,SPDEF,
,,,,,,TNIK,,,LCORL,ABR,,,,,,,,,FZD7,
,,,,,,HLA-DPB1,,,TNS2,PSD3,,,,,,,,,SIN3A,
,,,,,,KREMEN1,,,ELMO2,AGPAT4,,,,,,,,,NUB1,
,,,,,,HLA-DRA,,,RAN,MMP7,,,,,,,,,MSI2,
,,,,,,GLRX,,,SGF29,GNA15,,,,,,,,,MAFG,
,,,,,,LBH,,,SKIL,HERC5,,,,,,,,,NFKB1,
,,,,,,CYB5A,,,CCDC32,DAPP1,,,,,,,,,TUBD1,
,,,,,,KCTD11,,,PAX8,NDRG2,,,,,,,,,PHC3,
,,,,,,IL18,,,SH3BP2,RAB32,,,,,,,,,ARID3A,
,,,,,,AP1M2,,,IDO1,TREM1,,,,,,,,,ZNF830,
,,,,,,CCDC3,,,TUBB2A,SOCS3,,,,,,,,,ZMYM2,
,,,,,,IQCG,,,DPM3,CD37,,,,,,,,,FUOM,
,,,,,,MIF,,,PIAS1,SLC11A1,,,,,,,,,LPIN1,
,,,,,,IL24,,,SDR16C5,FXYD6,,,,,,,,,NTAN1,
,,,,,,SELENBP1,,,RSBN1L,SMIM3,,,,,,,,,CPD,
,,,,,,CEP126,,,ZNF407,TNFRSF14,,,,,,,,,HBP1,
,,,,,,KLF4,,,CNOT6L,VMP1,,,,,,,,,RAP2B,
,,,,,,AR,,,SARNP,CTHRC1,,,,,,,,,USP12,
,,,,,,EIF4EBP1,,,CCNH,AIF1,,,,,,,,,REL,
,,,,,,BATF3,,,PTPN4,NR4A3,,,,,,,,,ITGB8,
,,,,,,CEMIP,,,STRIP1,STEAP1,,,,,,,,,RAB3IP,
,,,,,,IGFL1,,,B3GALT4,PDE4A,,,,,,,,,ZDHHC17,
,,,,,,MALL,,,MSRB3,NFKB1,,,,,,,,,SLC38A1,
,,,,,,SYNE1,,,SNAI1,ZNF516,,,,,,,,,RHOT2,
,,,,,,CHPT1,,,UPRT,FAS,,,,,,,,,TRAPPC2,
,,,,,,DNAJB2,,,PLEKHO1,CD300E,,,,,,,,,GZF1,
,,,,,,FAM107A,,,EPS8,BTG2,,,,,,,,,PER2,
,,,,,,ZBTB20,,,IRF1,LCP1,,,,,,,,,LINC00685,
,,,,,,TMEM163,,,PPP1R3B,SPARC,,,,,,,,,LY6D,
,,,,,,DOK5,,,MGAT5,TNFRSF18,,,,,,,,,SLC15A4,
,,,,,,MPRIP-AS1,,,MRC2,TXNIP,,,,,,,,,EIF4E3,
,,,,,,PDZK1IP1,,,PBX1,WNT5A,,,,,,,,,CALCOCO1,
,,,,,,NOX4,,,DDX5,LUCAT1,,,,,,,,,RGS14,
,,,,,,SMAD9,,,ATF7IP2,ITGB2,,,,,,,,,PLEKHM1,
,,,,,,NR4A1,,,PHPT1,DOCK2,,,,,,,,,ZMAT3,
,,,,,,JSRP1,,,FZD1,TGFBI,,,,,,,,,ATF7IP2,
,,,,,,RGCC,,,BDH2,OASL,,,,,,,,,BLMH,
,,,,,,COL8A1,,,ADM,OXT,,,,,,,,,NPC2,
,,,,,,PHACTR3,,,MPP7,ANG,,,,,,,,,NDE1,
,,,,,,CPNE8,,,EGLN1,TMEM176B,,,,,,,,,TXNDC15,
,,,,,,UPP1,,,TRAF5,IRF5,,,,,,,,,GLIPR2,
,,,,,,ZFP36,,,CYB5D1,ISG20,,,,,,,,,CMTM3,
,,,,,,NFATC1,,,NUCB2,HLX,,,,,,,,,CTC1,
,,,,,,KRT8,,,KRT23,RCBTB2,,,,,,,,,NDEL1,
,,,,,,TGFB1,,,PXK,PROS1,,,,,,,,,F8A1,
,,,,,,ST6GALNAC3,,,TPRG1,ANTXR2,,,,,,,,,FRMD4B,
,,,,,,FSTL3,,,SOCS3,TMEM176A,,,,,,,,,ATP6V1B2,
,,,,,,ZBED2,,,TM2D3,APBA2,,,,,,,,,YPEL2,
,,,,,,CHN1,,,IL32,TNF,,,,,,,,,ZNF432,
,,,,,,C6orf141,,,NOP53,GPSM3,,,,,,,,,CEP135,
,,,,,,SELENOM,,,EOGT,C1QC,,,,,,,,,BMP7,
,,,,,,KLK1,,,FOXP1,WAS,,,,,,,,,CORO7,
,,,,,,SEMA3B,,,ZBTB2,CA2,,,,,,,,,SYT8,
,,,,,,SLC7A8,,,VGLL4,RASSF2,,,,,,,,,APPL2,
,,,,,,HTRA3,,,FADS1,CADM1,,,,,,,,,HACL1,
,,,,,,PRSS21,,,FKBP5,SH2B3,,,,,,,,,AEN,
,,,,,,TUBB2B,,,SPSB1,PYDC1,,,,,,,,,RNASET2,
,,,,,,ST8SIA4,,,SHC2,BBC3,,,,,,,,,SARAF,
,,,,,,EIF4A1,,,PLCD1,FBLN5,,,,,,,,,MIR4458HG,
,,,,,,SCG5,,,PDLIM1,AXL,,,,,,,,,GNA13,
,,,,,,CAPN12,,,PTMS,ITGAM,,,,,,,,,ZNF516,
,,,,,,LGALS3,,,POC1B-AS1,ACAP1,,,,,,,,,KLF4,
,,,,,,DPYD,,,SGMS2,MUC5B,,,,,,,,,SLC25A29,
,,,,,,SLC7A11,,,TTC39A,SYTL3,,,,,,,,,SFXN3,
,,,,,,PRSS3,,,SLC38A6,TCF4,,,,,,,,,SAMD4A,
,,,,,,MLPH,,,NECTIN3,LILRB3,,,,,,,,,CCDC191,
,,,,,,ARL4A,,,KDM6B,ITGB8,,,,,,,,,ARSG,
,,,,,,RGN,,,MATK,MYO1F,,,,,,,,,IKBKB,
,,,,,,IL15,,,HELB,SERPINB7,,,,,,,,,TC2N,
,,,,,,PLEKHB1,,,C3orf38,ZC3H12C,,,,,,,,,PIK3CA,
,,,,,,NID2,,,ECI2,WTAP,,,,,,,,,LTBP1,
,,,,,,LDLRAD4,,,EDEM1,LILRB4,,,,,,,,,RPS27L,
,,,,,,RBP7,,,BAZ1A,SLC16A10,,,,,,,,,PKIG,
,,,,,,DUSP1,,,DHRS12,ETS2,,,,,,,,,TMEM64,
,,,,,,EDN2,,,MCAM,TNFAIP8,,,,,,,,,PMEPA1,
,,,,,,CSF3,,,FAM53B,RHCG,,,,,,,,,NPC1,
,,,,,,GJA1,,,RBP7,TLR2,,,,,,,,,SNN,
,,,,,,FNDC4,,,INPP1,FCGRT,,,,,,,,,UVSSA,
,,,,,,RASD1,,,FKBP4,C1S,,,,,,,,,SPEF2,
,,,,,,MAP2K6,,,EAF1,AKR1C3,,,,,,,,,UPRT,
,,,,,,HLA-A,,,ZNF217,CD48,,,,,,,,,C3orf38,
,,,,,,LRP4,,,RBPMS,ELMO1,,,,,,,,,GPAT4,
,,,,,,ACSL5,,,SLC6A6,IL1RN,,,,,,,,,ANGPTL4,
,,,,,,SLC6A13,,,PSTPIP2,HSPA6,,,,,,,,,EDEM1,
,,,,,,RHOD,,,RFFL,REL,,,,,,,,,EAF1,
,,,,,,SFRP5,,,TP53INP1,IKZF1,,,,,,,,,ECI2,
,,,,,,ALDH1A1,,,PREX2,CLEC2B,,,,,,,,,ARHGEF10L,
,,,,,,SERPINA1,,,C1orf56,CFP,,,,,,,,,FNDC3A,
,,,,,,RARRES2,,,ABHD11,SERPINB9,,,,,,,,,MRPL10,
,,,,,,PDLIM4,,,MT1A,LIF,,,,,,,,,ZNF92,
,,,,,,SLC18A2,,,HACL1,ADAMDEC1,,,,,,,,,ITPR1,
,,,,,,MAP6,,,PAG1,MPP1,,,,,,,,,NOP14-AS1,
,,,,,,GADD45G,,,DUSP8,IRAK3,,,,,,,,,NTN4,
,,,,,,SLC14A1,,,MBNL1-AS1,IL2RG,,,,,,,,,MB21D2,
,,,,,,FOSB,,,ALOX5,CD4,,,,,,,,,ZNF688,
,,,,,,APOD,,,FNDC3A,TNFRSF1B,,,,,,,,,TM2D3,
,,,,,,HSPA6,,,NSG1,LAMB3,,,,,,,,,S100A13,
,,,,,,ADAMTSL2,,,HLA-DQB1,GPAT3,,,,,,,,,CDK5RAP2,
,,,,,,CBR3,,,ARL6IP5,CD226,,,,,,,,,PLCB1,
,,,,,,APOBR,,,DGKA,PLEK,,,,,,,,,HHEX,
,,,,,,GFRA1,,,TOR4A,TRPV2,,,,,,,,,TNFRSF10B,
,,,,,,SNHG8,,,FKBP7,EMILIN2,,,,,,,,,TBX1,
,,,,,,RNASE1,,,THUMPD3-AS1,GPRIN3,,,,,,,,,SLC6A8,
,,,,,,TMED6,,,AKAP13,CTSD,,,,,,,,,MSMO1,
,,,,,,SOD3,,,SLC25A25,FCGR2B,,,,,,,,,MAPK6,
,,,,,,NKD1,,,LOXL1,TYMP,,,,,,,,,MYH9,
,,,,,,OBP2A,,,SLC25A38,IL3RA,,,,,,,,,CXCL14,
,,,,,,TFF3,,,EPHA1-AS1,NCKAP1L,,,,,,,,,CDC42SE1,
,,,,,,ITGA1,,,MED13,IFI30,,,,,,,,,WBP1L,
,,,,,,CRNDE,,,KCTD5,SCUBE2,,,,,,,,,DEGS1,
,,,,,,BIRC3,,,DENND4A,MIR155HG,,,,,,,,,INPP4B,
,,,,,,RHOB,,,PRKAG2-AS1,C1QA,,,,,,,,,DLEU2,
,,,,,,MYH7B,,,SLC35E3,GJA1,,,,,,,,,PRRT2,
,,,,,,SMS,,,HIF1A,PID1,,,,,,,,,SEC23A,
,,,,,,GADD45B,,,ZFP36L1,TRAF1,,,,,,,,,EPM2AIP1,
,,,,,,SPATA18,,,SLIT3,FYB1,,,,,,,,,ARF4,
,,,,,,NEFH,,,B4GALT1,ADAM19,,,,,,,,,ZNF254,
,,,,,,B3GAT1,,,MLPH,LAMP3,,,,,,,,,IDH2,
,,,,,,MT2A,,,KCNG1,VCAN,,,,,,,,,SACS,
,,,,,,IGFBP2,,,KIF1A,LY86,,,,,,,,,PLXND1,
,,,,,,GAL,,,AKR1C2,PTPRC,,,,,,,,,PIGR,
,,,,,,KLK4,,,SPHK1,IRAK2,,,,,,,,,SESTD1,
,,,,,,KRT6A,,,MYADM,CD84,,,,,,,,,FKBP5,
,,,,,,TIMP1,,,VPS35L,RSAD2,,,,,,,,,GATM,
,,,,,,TUBA3D,,,KIAA0232,ENTPD1,,,,,,,,,ORAI3,
,,,,,,HSPA1B,,,ZBTB6,CEBPD,,,,,,,,,LPP,
,,,,,,SLC47A1,,,CREB3L2,LCP2,,,,,,,,,SOCS3,
,,,,,,PAGE2B,,,RSAD2,CD83,,,,,,,,,SLC6A6,
,,,,,,PCCA,,,DNAJC15,MYO1G,,,,,,,,,PFKFB3,
,,,,,,ADGRG2,,,HIPK1,EVI2B,,,,,,,,,MYEF2,
,,,,,,MUC6,,,ZSWIM6,CLEC5A,,,,,,,,,VWA5A,
,,,,,,CST5,,,ARRDC3,FGR,,,,,,,,,MAP3K1,
,,,,,,IGFBP7,,,LACTB,HSPB6,,,,,,,,,CRABP1,
,,,,,,HSPB1,,,LDLR,LAMC2,,,,,,,,,FMN1,
,,,,,,DPEP1,,,HLA-B,SLC16A6,,,,,,,,,MAGI2,
,,,,,,DKK4,,,SLC19A2,BCL2A1,,,,,,,,,ETFBKMT,
,,,,,,BTLA,,,CES1,MX1,,,,,,,,,RAMP2,
,,,,,,DNAJB1,,,NINJ1,PDPN,,,,,,,,,STK39,
,,,,,,HSPA1A,,,PFKFB3,IL1A,,,,,,,,,LAPTM4A,
,,,,,,SPINK13,,,NAAA,TTYH2,,,,,,,,,SLC7A11,
,,,,,,CLU,,,GCNT1,RAMP1,,,,,,,,,TTC39C,
,,,,,,MUCL1,,,WHRN,CD86,,,,,,,,,STOM,
,,,,,,PI3,,,ZNF853,TNFRSF4,,,,,,,,,SUSD3,
,,,,,,FSTL5,,,DENND2C,CFD,,,,,,,,,ZFR2,
,,,,,,MT-ND1,,,FAM120B,MIR3142HG,,,,,,,,,AKAP12,
,,,,,,DBH-AS1,,,IFI6,CYTIP,,,,,,,,,ARL6IP1,
,,,,,,HDC,,,AEN,CSF3,,,,,,,,,LMTK3,
,,,,,,SLC47A2,,,TRPS1,TNFAIP3,,,,,,,,,GLIS3,
,,,,,,TRDC,,,TCEA3,TFEC,,,,,,,,,KIF5C,
,,,,,,PAGE5,,,DIO2,CXCR4,,,,,,,,,LRRIQ1,
,,,,,,IFI27,,,ITGA10,CD68,,,,,,,,,RCN3,
,,,,,,CST1,,,SUSD6,TNFAIP2,,,,,,,,,ZNF703,
,,,,,,MT-ND3,,,S100A13,PLAUR,,,,,,,,,SLC20A2,
,,,,,,MT-CO1,,,SYNE3,ANXA5,,,,,,,,,NAAA,
,,,,,,MT-CYB,,,MAPK6,KLHL6,,,,,,,,,KRTCAP3,
,,,,,,MT-ATP6,,,SPART,CD80,,,,,,,,,RASSF6,
,,,,,,MT-CO2,,,C1orf21,TIMP1,,,,,,,,,SLC31A2,
,,,,,,,,,GRN,ACP5,,,,,,,,,MXD4,
,,,,,,,,,MDM1,XIST,,,,,,,,,GSTP1,
,,,,,,,,,PARVB,RGS1,,,,,,,,,CXCL16,
,,,,,,,,,SLC1A2,PTGS2,,,,,,,,,SAMD9L,
,,,,,,,,,SRGAP3,FCER1G,,,,,,,,,CYSTM1,
,,,,,,,,,SYBU,KRT6B,,,,,,,,,GPR137B,
,,,,,,,,,ANG,OLFM4,,,,,,,,,CIRBP,
,,,,,,,,,PBDC1,GPR183,,,,,,,,,TCF4,
,,,,,,,,,GPRC5C,CCL4,,,,,,,,,NPDC1,
,,,,,,,,,SATB1,CST3,,,,,,,,,PTPRE,
,,,,,,,,,TBX3,CHI3L1,,,,,,,,,GSTM3,
,,,,,,,,,ADRA2A,CCR7,,,,,,,,,SLC2A6,
,,,,,,,,,TGFB1I1,CXCL2,,,,,,,,,IRF6,
,,,,,,,,,WNT11,LGALS3,,,,,,,,,DNAJA4,
,,,,,,,,,STX12,IFI6,,,,,,,,,SERP2,
,,,,,,,,,IFI27L2,PAGE2,,,,,,,,,GNAI2,
,,,,,,,,,TTC9,CXCL1,,,,,,,,,RAB21,
,,,,,,,,,ZNF688,THBS1,,,,,,,,,TGFB1I1,
,,,,,,,,,AKNA,CCL2,,,,,,,,,SQSTM1,
,,,,,,,,,SELENBP1,C15orf48,,,,,,,,,CTSL,
,,,,,,,,,KLF4,CHIT1,,,,,,,,,COL9A3,
,,,,,,,,,HECTD4,TFF3,,,,,,,,,RNFT1,
,,,,,,,,,GLCCI1,HLA-DPA1,,,,,,,,,LFNG,
,,,,,,,,,JHY,CCL3,,,,,,,,,CACNA1D,
,,,,,,,,,SPRY1,SAT1,,,,,,,,,ANKDD1A,
,,,,,,,,,SEC24D,TFF1,,,,,,,,,AQP5,
,,,,,,,,,ZC2HC1A,LCN2,,,,,,,,,PLEKHO1,
,,,,,,,,,GDF11,CD74,,,,,,,,,MDM2,
,,,,,,,,,PTPRE,LYZ,,,,,,,,,TNF,
,,,,,,,,,LHFPL4,IL1B,,,,,,,,,CXXC5,
,,,,,,,,,CLEC11A,VIM,,,,,,,,,C17orf58,
,,,,,,,,,UCKL1-AS1,APOE,,,,,,,,,ITM2B,
,,,,,,,,,LDLRAD4,S100A8,,,,,,,,,TSPAN31,
,,,,,,,,,GBP2,CXCL8,,,,,,,,,STMN3,
,,,,,,,,,DENND6B,,,,,,,,,,KCNK6,
,,,,,,,,,SLC6A14,,,,,,,,,,TIPARP,
,,,,,,,,,KIAA0513,,,,,,,,,,ITGAM,
,,,,,,,,,SCGB1D2,,,,,,,,,,SAMD15,
,,,,,,,,,CPNE7,,,,,,,,,,CTSS,
,,,,,,,,,TUBB4B,,,,,,,,,,PROCA1,
,,,,,,,,,GASAL1,,,,,,,,,,C1orf21,
,,,,,,,,,RARA,,,,,,,,,,SLC19A2,
,,,,,,,,,CSRNP1,,,,,,,,,,MTURN,
,,,,,,,,,INSIG1,,,,,,,,,,EGFL7,
,,,,,,,,,MYO1F,,,,,,,,,,TNFAIP3,
,,,,,,,,,TSPAN13,,,,,,,,,,SERPINF1,
,,,,,,,,,LINC00598,,,,,,,,,,PRTFDC1,
,,,,,,,,,MSI2,,,,,,,,,,AKR1C3,
,,,,,,,,,BNIP3L,,,,,,,,,,FGFRL1,
,,,,,,,,,LNX1,,,,,,,,,,ABHD11,
,,,,,,,,,RAP1B,,,,,,,,,,TANC2,
,,,,,,,,,CXCL13,,,,,,,,,,MLPH,
,,,,,,,,,ANKRD36C,,,,,,,,,,HEBP1,
,,,,,,,,,DTNA,,,,,,,,,,LAMC2,
,,,,,,,,,THBD,,,,,,,,,,MYBL1,
,,,,,,,,,DYNC2H1,,,,,,,,,,LOXL1,
,,,,,,,,,PMEPA1,,,,,,,,,,SMAD4,
,,,,,,,,,MAP1B,,,,,,,,,,TMEM165,
,,,,,,,,,RASL11A,,,,,,,,,,IGF1R,
,,,,,,,,,CLEC3A,,,,,,,,,,NINJ1,
,,,,,,,,,GLA,,,,,,,,,,S100A1,
,,,,,,,,,KIAA0040,,,,,,,,,,NR2F2,
,,,,,,,,,FBN2,,,,,,,,,,DAPK2,
,,,,,,,,,GBP4,,,,,,,,,,STX12,
,,,,,,,,,SIAH2,,,,,,,,,,SERTAD3,
,,,,,,,,,HLA-DPB1,,,,,,,,,,SAXO2,
,,,,,,,,,ARL8B,,,,,,,,,,SPA17,
,,,,,,,,,PRRT2,,,,,,,,,,GALNT18,
,,,,,,,,,NPY1R,,,,,,,,,,GBP2,
,,,,,,,,,IGF1R,,,,,,,,,,KCNK15,
,,,,,,,,,NPDC1,,,,,,,,,,TRPS1,
,,,,,,,,,KCNH2,,,,,,,,,,FAM110B,
,,,,,,,,,LUCAT1,,,,,,,,,,NRIP3,
,,,,,,,,,CFAP46,,,,,,,,,,LYRM9,
,,,,,,,,,TSPAN3,,,,,,,,,,STC1,
,,,,,,,,,SDC2,,,,,,,,,,TXNRD1,
,,,,,,,,,HLA-DPA1,,,,,,,,,,C2CD4B,
,,,,,,,,,FSIP1,,,,,,,,,,HLA-DQB1,
,,,,,,,,,TPPP,,,,,,,,,,SIAH2,
,,,,,,,,,SEMA4A,,,,,,,,,,GAS5,
,,,,,,,,,STX2,,,,,,,,,,WWC2,
,,,,,,,,,COX6C,,,,,,,,,,AQP3,
,,,,,,,,,CPEB2,,,,,,,,,,EIF4G3,
,,,,,,,,,C6orf141,,,,,,,,,,CAVIN3,
,,,,,,,,,FCGRT,,,,,,,,,,ANG,
,,,,,,,,,EGFL7,,,,,,,,,,DOCK10,
,,,,,,,,,GJB2,,,,,,,,,,MSX1,
,,,,,,,,,TMCC3,,,,,,,,,,SLC12A7,
,,,,,,,,,KCNK1,,,,,,,,,,ALOX5,
,,,,,,,,,ST3GAL5,,,,,,,,,,DLC1,
,,,,,,,,,SLC25A29,,,,,,,,,,ISLR,
,,,,,,,,,HLA-DRA,,,,,,,,,,EPPK1,
,,,,,,,,,DSG3,,,,,,,,,,TNNT1,
,,,,,,,,,TXNRD1,,,,,,,,,,HS3ST3B1,
,,,,,,,,,BTNL9,,,,,,,,,,PDLIM4,
,,,,,,,,,RAB11FIP1,,,,,,,,,,MAGED2,
,,,,,,,,,RCN3,,,,,,,,,,BBC3,
,,,,,,,,,IFITM10,,,,,,,,,,CPEB2,
,,,,,,,,,PDE1A,,,,,,,,,,GREM2,
,,,,,,,,,RGL1,,,,,,,,,,ZNF275,
,,,,,,,,,C17orf107,,,,,,,,,,OTULINL,
,,,,,,,,,TSPAN15,,,,,,,,,,CCDC78,
,,,,,,,,,TBC1D9,,,,,,,,,,ATP10A,
,,,,,,,,,STOM,,,,,,,,,,NGFR,
,,,,,,,,,NPAS3,,,,,,,,,,C17orf107,
,,,,,,,,,FAS,,,,,,,,,,LEF1,
,,,,,,,,,SLC49A3,,,,,,,,,,PDE3B,
,,,,,,,,,ID3,,,,,,,,,,CLIC3,
,,,,,,,,,SULT1C2,,,,,,,,,,ZMYND10,
,,,,,,,,,CGNL1,,,,,,,,,,HLA-DRB5,
,,,,,,,,,SERPINB9,,,,,,,,,,IFI27L2,
,,,,,,,,,SCN1B,,,,,,,,,,ZNF500,
,,,,,,,,,CREB5,,,,,,,,,,PMP22,
,,,,,,,,,RHOH,,,,,,,,,,SYT1,
,,,,,,,,,PDGFRL,,,,,,,,,,ZFP36,
,,,,,,,,,TPI1,,,,,,,,,,PLPPR3,
,,,,,,,,,MIR34AHG,,,,,,,,,,ANXA2,
,,,,,,,,,UBN1,,,,,,,,,,KRT13,
,,,,,,,,,TCF12,,,,,,,,,,TMSB4XP8,
,,,,,,,,,HMOX2,,,,,,,,,,TUFT1,
,,,,,,,,,PLEKHG1,,,,,,,,,,TDRD12,
,,,,,,,,,SELENOK,,,,,,,,,,CXCL1,
,,,,,,,,,TNFRSF10B,,,,,,,,,,KIF1A,
,,,,,,,,,LTBP1,,,,,,,,,,CISH,
,,,,,,,,,PHGR1,,,,,,,,,,PRDM5,
,,,,,,,,,USP53,,,,,,,,,,SOX2,
,,,,,,,,,SUGCT,,,,,,,,,,SMIM14,
,,,,,,,,,LCP1,,,,,,,,,,SNHG6,
,,,,,,,,,SERPINA6,,,,,,,,,,ASPHD2,
,,,,,,,,,EGOT,,,,,,,,,,NME5,
,,,,,,,,,GALC,,,,,,,,,,METRNL,
,,,,,,,,,LONRF1,,,,,,,,,,ADIRF,
,,,,,,,,,GLRX,,,,,,,,,,CLEC11A,
,,,,,,,,,SEMA6A,,,,,,,,,,DHRS2,
,,,,,,,,,EMP3,,,,,,,,,,CDHR3,
,,,,,,,,,RGS17,,,,,,,,,,NME1,
,,,,,,,,,CPM,,,,,,,,,,PTGR1,
,,,,,,,,,KREMEN1,,,,,,,,,,EHD2,
,,,,,,,,,NMD3,,,,,,,,,,BCAS3,
,,,,,,,,,EMB,,,,,,,,,,TRAF3IP3,
,,,,,,,,,ADAMTS9,,,,,,,,,,HSH2D,
,,,,,,,,,CYP24A1,,,,,,,,,,UBALD1,
,,,,,,,,,TNS4,,,,,,,,,,ENPP1,
,,,,,,,,,PGGHG,,,,,,,,,,TM7SF2,
,,,,,,,,,NEK5,,,,,,,,,,GLYR1,
,,,,,,,,,BIRC3,,,,,,,,,,DTNA,
,,,,,,,,,PLEKHB1,,,,,,,,,,TSPAN15,
,,,,,,,,,CMBL,,,,,,,,,,IRAK2,
,,,,,,,,,SERP2,,,,,,,,,,BCHE,
,,,,,,,,,EMX2,,,,,,,,,,RASGRP1,
,,,,,,,,,TIPARP,,,,,,,,,,CCDC181,
,,,,,,,,,CA8,,,,,,,,,,BMPR1B,
,,,,,,,,,MAP1LC3A,,,,,,,,,,CDYL2,
,,,,,,,,,SERHL2,,,,,,,,,,UGCG,
,,,,,,,,,TRMT9B,,,,,,,,,,IFI6,
,,,,,,,,,LGALS4,,,,,,,,,,FOXA1,
,,,,,,,,,SULT1C4,,,,,,,,,,CYP24A1,
,,,,,,,,,DLX5,,,,,,,,,,ANKRD29,
,,,,,,,,,GSTP1,,,,,,,,,,RHOH,
,,,,,,,,,SLC34A2,,,,,,,,,,FAM3B,
,,,,,,,,,SDK2,,,,,,,,,,DNAAF1,
,,,,,,,,,TM7SF2,,,,,,,,,,CYFIP2,
,,,,,,,,,DUSP2,,,,,,,,,,COL6A1,
,,,,,,,,,GSN,,,,,,,,,,CEBPD,
,,,,,,,,,MAPK10,,,,,,,,,,TPPP3,
,,,,,,,,,PPIB,,,,,,,,,,TYMP,
,,,,,,,,,HYDIN,,,,,,,,,,PROCR,
,,,,,,,,,LSAMP,,,,,,,,,,SIDT1,
,,,,,,,,,HSH2D,,,,,,,,,,APOD,
,,,,,,,,,RPRM,,,,,,,,,,PDLIM3,
,,,,,,,,,MUC5B,,,,,,,,,,HDX,
,,,,,,,,,DOK1,,,,,,,,,,AXL,
,,,,,,,,,FES,,,,,,,,,,ANKRD36BP1,
,,,,,,,,,PLPPR3,,,,,,,,,,IRS1,
,,,,,,,,,HEY2,,,,,,,,,,PCP4,
,,,,,,,,,SLC14A1,,,,,,,,,,SPRR3,
,,,,,,,,,GABRP,,,,,,,,,,PREX1,
,,,,,,,,,OSR1,,,,,,,,,,NKD2,
,,,,,,,,,SYTL3,,,,,,,,,,LCN12,
,,,,,,,,,LINC01541,,,,,,,,,,TBX3,
,,,,,,,,,KLF10,,,,,,,,,,SMTNL2,
,,,,,,,,,CACNB4,,,,,,,,,,MSX2,
,,,,,,,,,TM4SF18,,,,,,,,,,ARMCX6,
,,,,,,,,,PHACTR3,,,,,,,,,,ACADSB,
,,,,,,,,,GHR,,,,,,,,,,CA8,
,,,,,,,,,ORAI3,,,,,,,,,,SERHL2,
,,,,,,,,,NPPC,,,,,,,,,,DYNLRB2,
,,,,,,,,,RASGRP1,,,,,,,,,,PMAIP1,
,,,,,,,,,SDCBP,,,,,,,,,,HOXD8,
,,,,,,,,,RBM20,,,,,,,,,,RPL41P1,
,,,,,,,,,MOBP,,,,,,,,,,RPL21P75,
,,,,,,,,,CCL26,,,,,,,,,,CA2,
,,,,,,,,,BAMBI,,,,,,,,,,HSPA5,
,,,,,,,,,OBP2A,,,,,,,,,,CD74,
,,,,,,,,,MISP,,,,,,,,,,CCR6,
,,,,,,,,,C3,,,,,,,,,,IRX4,
,,,,,,,,,SKAP1,,,,,,,,,,CRIP1,
,,,,,,,,,CFAP45,,,,,,,,,,MAPT,
,,,,,,,,,ZNF703,,,,,,,,,,TRIM68,
,,,,,,,,,CEP350,,,,,,,,,,TIMP1,
,,,,,,,,,A4GALT,,,,,,,,,,SERPINA5,
,,,,,,,,,PPM1D,,,,,,,,,,RAB32,
,,,,,,,,,KLF6,,,,,,,,,,SPTSSB,
,,,,,,,,,MED24,,,,,,,,,,COL1A2,
,,,,,,,,,EMX2OS,,,,,,,,,,PDK4,
,,,,,,,,,NCF2,,,,,,,,,,RPL39P3,
,,,,,,,,,PLA2G7,,,,,,,,,,MISP,
,,,,,,,,,FBXL7,,,,,,,,,,CFD,
,,,,,,,,,RNFT1-DT,,,,,,,,,,LPAR6,
,,,,,,,,,CDH1,,,,,,,,,,LIN7A,
,,,,,,,,,PLCB1,,,,,,,,,,HOXB2,
,,,,,,,,,PRTFDC1,,,,,,,,,,MZB1,
,,,,,,,,,FYN,,,,,,,,,,METRN,
,,,,,,,,,HSPB8,,,,,,,,,,GUCY1A2,
,,,,,,,,,EDNRA,,,,,,,,,,STC2,
,,,,,,,,,EMP2,,,,,,,,,,RAB11FIP1,
,,,,,,,,,CA2,,,,,,,,,,CD9,
,,,,,,,,,FOXA1,,,,,,,,,,FLT4,
,,,,,,,,,MAFA,,,,,,,,,,CEACAM6,
,,,,,,,,,ZFP36,,,,,,,,,,MEIOB,
,,,,,,,,,NECAB1,,,,,,,,,,RPL18AP3,
,,,,,,,,,BHLHE40,,,,,,,,,,CCDC74A,
,,,,,,,,,BLVRB,,,,,,,,,,AGTR1,
,,,,,,,,,CAPN12,,,,,,,,,,TBX2,
,,,,,,,,,TEKT2,,,,,,,,,,CRACR2A,
,,,,,,,,,CTSS,,,,,,,,,,TM4SF1,
,,,,,,,,,CFD,,,,,,,,,,PLIN5,
,,,,,,,,,SPAG8,,,,,,,,,,AMHR2,
,,,,,,,,,CRIP2,,,,,,,,,,ZG16B,
,,,,,,,,,RP1,,,,,,,,,,RPS23P8,
,,,,,,,,,CXCL12,,,,,,,,,,ACTN2,
,,,,,,,,,PARD6G-AS1,,,,,,,,,,CD79A,
,,,,,,,,,LPAR6,,,,,,,,,,MUC1,
,,,,,,,,,RGN,,,,,,,,,,ESR1,
,,,,,,,,,PMP22,,,,,,,,,,SYTL2,
,,,,,,,,,GLIS3,,,,,,,,,,NOVA1,
,,,,,,,,,PLIN5,,,,,,,,,,CFAP46,
,,,,,,,,,ELF3,,,,,,,,,,DEGS2,
,,,,,,,,,LRRC34,,,,,,,,,,SLC39A6,
,,,,,,,,,BANK1,,,,,,,,,,DOC2B,
,,,,,,,,,NOSTRIN,,,,,,,,,,CADM1,
,,,,,,,,,OSCAR,,,,,,,,,,SMOC2,
,,,,,,,,,TDO2,,,,,,,,,,SEMA6D,
,,,,,,,,,LSMEM2,,,,,,,,,,SNRPN,
,,,,,,,,,TMEM64,,,,,,,,,,PHGR1,
,,,,,,,,,HOXA7,,,,,,,,,,KRT23,
,,,,,,,,,NQO1,,,,,,,,,,SERINC2,
,,,,,,,,,PPIL6,,,,,,,,,,GATA3,
,,,,,,,,,CCDC74B,,,,,,,,,,SCUBE2,
,,,,,,,,,CCDC74A,,,,,,,,,,MT-TT,
,,,,,,,,,TTLL10,,,,,,,,,,IGFBP2,
,,,,,,,,,ADAMTS14,,,,,,,,,,CFAP300,
,,,,,,,,,KLK1,,,,,,,,,,SERPINA3,
,,,,,,,,,ADD3,,,,,,,,,,BDKRB2,
,,,,,,,,,AQP9,,,,,,,,,,SEMA5A,
,,,,,,,,,RASD1,,,,,,,,,,PKIB,
,,,,,,,,,PRUNE2,,,,,,,,,,PRDX1,
,,,,,,,,,SOX17,,,,,,,,,,TPSG1,
,,,,,,,,,PDE2A,,,,,,,,,,ISG20,
,,,,,,,,,PDK4,,,,,,,,,,MTATP6P1,
,,,,,,,,,BEX3,,,,,,,,,,GP2,
,,,,,,,,,MAP1A,,,,,,,,,,GHR,
,,,,,,,,,AQP3,,,,,,,,,,RIPK3,
,,,,,,,,,CFAP70,,,,,,,,,,SLC40A1,
,,,,,,,,,SPOCK1,,,,,,,,,,CBFA2T3,
,,,,,,,,,SORBS2,,,,,,,,,,LRRN3,
,,,,,,,,,IFITM2,,,,,,,,,,ITM2A,
,,,,,,,,,MZB1,,,,,,,,,,HMX1,
,,,,,,,,,SCUBE2,,,,,,,,,,LRRC15,
,,,,,,,,,CLIC3,,,,,,,,,,EEF1A2,
,,,,,,,,,COPZ2,,,,,,,,,,SPINK5,
,,,,,,,,,RPS27L,,,,,,,,,,SPINK13,
,,,,,,,,,RAD51C,,,,,,,,,,XG,
,,,,,,,,,MAOB,,,,,,,,,,CXCL12,
,,,,,,,,,SMIM22,,,,,,,,,,CLEC3A,
,,,,,,,,,SALL1,,,,,,,,,,TRGC1,
,,,,,,,,,MUC1,,,,,,,,,,ZNF208,
,,,,,,,,,SNRPN,,,,,,,,,,CACNA1H,
,,,,,,,,,FAP,,,,,,,,,,PYY,
,,,,,,,,,SLC7A8,,,,,,,,,,CLDN4,
,,,,,,,,,NR2F2,,,,,,,,,,ACTG1,
,,,,,,,,,BMP7,,,,,,,,,,TCIM,
,,,,,,,,,CIB1,,,,,,,,,,PGR,
,,,,,,,,,SLC16A6,,,,,,,,,,LBX1,
,,,,,,,,,SOD2,,,,,,,,,,TACSTD2,
,,,,,,,,,CLGN,,,,,,,,,,TUBA3E,
,,,,,,,,,VWA3B,,,,,,,,,,TUBA3D,
,,,,,,,,,PLA2G4A,,,,,,,,,,TFF3,
,,,,,,,,,PRICKLE2,,,,,,,,,,XBP1,
,,,,,,,,,LINC00683,,,,,,,,,,HMOX1,
,,,,,,,,,SYTL2,,,,,,,,,,KRT8,
,,,,,,,,,LFNG,,,,,,,,,,SELENOM,
,,,,,,,,,FILIP1L,,,,,,,,,,IGHG4,
,,,,,,,,,CDHR3,,,,,,,,,,NEAT1,
,,,,,,,,,LRRTM1,,,,,,,,,,KRT18,
,,,,,,,,,SAXO2,,,,,,,,,,S100A10,
,,,,,,,,,ENPEP,,,,,,,,,,AGR2,
,,,,,,,,,NHLRC4,,,,,,,,,,GDF15,
,,,,,,,,,DNAH7,,,,,,,,,,MT-RNR1,
,,,,,,,,,RHOBTB3,,,,,,,,,,S100G,
,,,,,,,,,CCL22,,,,,,,,,,MT-RNR2,
,,,,,,,,,SMOC2,,,,,,,,,,,
,,,,,,,,,MYL6,,,,,,,,,,,
,,,,,,,,,PSCA,,,,,,,,,,,
,,,,,,,,,GADD45G,,,,,,,,,,,
,,,,,,,,,IGDCC3,,,,,,,,,,,
,,,,,,,,,IGSF1,,,,,,,,,,,
,,,,,,,,,TP53I3,,,,,,,,,,,
,,,,,,,,,CD24,,,,,,,,,,,
,,,,,,,,,TNFSF14,,,,,,,,,,,
,,,,,,,,,C2orf73,,,,,,,,,,,
,,,,,,,,,CEACAM6,,,,,,,,,,,
,,,,,,,,,SDK1,,,,,,,,,,,
,,,,,,,,,NKD2,,,,,,,,,,,
,,,,,,,,,BPIFB1,,,,,,,,,,,
,,,,,,,,,PRELP,,,,,,,,,,,
,,,,,,,,,CFAP74,,,,,,,,,,,
,,,,,,,,,JSRP1,,,,,,,,,,,
,,,,,,,,,MAP2K6,,,,,,,,,,,
,,,,,,,,,AKR1C3,,,,,,,,,,,
,,,,,,,,,CEMIP,,,,,,,,,,,
,,,,,,,,,CFAP221,,,,,,,,,,,
,,,,,,,,,CLDN3,,,,,,,,,,,
,,,,,,,,,PLA1A,,,,,,,,,,,
,,,,,,,,,PACRG,,,,,,,,,,,
,,,,,,,,,HMOX1,,,,,,,,,,,
,,,,,,,,,SRD5A2,,,,,,,,,,,
,,,,,,,,,CD74,,,,,,,,,,,
,,,,,,,,,IL10,,,,,,,,,,,
,,,,,,,,,SHH,,,,,,,,,,,
,,,,,,,,,SFRP2,,,,,,,,,,,
,,,,,,,,,FGF20,,,,,,,,,,,
,,,,,,,,,VCAN,,,,,,,,,,,
,,,,,,,,,NME5,,,,,,,,,,,
,,,,,,,,,TBX2-AS1,,,,,,,,,,,
,,,,,,,,,CATIP,,,,,,,,,,,
,,,,,,,,,GPR162,,,,,,,,,,,
,,,,,,,,,ESR1,,,,,,,,,,,
,,,,,,,,,EEF1A2,,,,,,,,,,,
,,,,,,,,,CCL2,,,,,,,,,,,
,,,,,,,,,PPP1R1B,,,,,,,,,,,
,,,,,,,,,RASL11B,,,,,,,,,,,
,,,,,,,,,CFAP157,,,,,,,,,,,
,,,,,,,,,GREB1,,,,,,,,,,,
,,,,,,,,,MT-ND5,,,,,,,,,,,
,,,,,,,,,OLFM1,,,,,,,,,,,
,,,,,,,,,EDA2R,,,,,,,,,,,
,,,,,,,,,SERPINF1,,,,,,,,,,,
,,,,,,,,,TMED6,,,,,,,,,,,
,,,,,,,,,SLC47A1,,,,,,,,,,,
,,,,,,,,,TP53AIP1,,,,,,,,,,,
,,,,,,,,,DNAAF1,,,,,,,,,,,
,,,,,,,,,APOBR,,,,,,,,,,,
,,,,,,,,,MSX1,,,,,,,,,,,
,,,,,,,,,EGR1,,,,,,,,,,,
,,,,,,,,,TTC16,,,,,,,,,,,
,,,,,,,,,DYNLRB2,,,,,,,,,,,
,,,,,,,,,RNASET2,,,,,,,,,,,
,,,,,,,,,CACNA1H,,,,,,,,,,,
,,,,,,,,,ANKUB1,,,,,,,,,,,
,,,,,,,,,GPX4,,,,,,,,,,,
,,,,,,,,,PARVG,,,,,,,,,,,
,,,,,,,,,ANKDD1B,,,,,,,,,,,
,,,,,,,,,CALM1,,,,,,,,,,,
,,,,,,,,,FOXJ1,,,,,,,,,,,
,,,,,,,,,PIGR,,,,,,,,,,,
,,,,,,,,,GRAP,,,,,,,,,,,
,,,,,,,,,RAMP3,,,,,,,,,,,
,,,,,,,,,CTSD,,,,,,,,,,,
,,,,,,,,,MUC5AC,,,,,,,,,,,
,,,,,,,,,CKMT2,,,,,,,,,,,
,,,,,,,,,ARHGAP36,,,,,,,,,,,
,,,,,,,,,EFCAB10,,,,,,,,,,,
,,,,,,,,,LINC00052,,,,,,,,,,,
,,,,,,,,,GPX2,,,,,,,,,,,
,,,,,,,,,TTC29,,,,,,,,,,,
,,,,,,,,,MS4A8,,,,,,,,,,,
,,,,,,,,,KRT18,,,,,,,,,,,
,,,,,,,,,TMEM213,,,,,,,,,,,
,,,,,,,,,DNAI1,,,,,,,,,,,
,,,,,,,,,SLC18A2,,,,,,,,,,,
,,,,,,,,,NOTUM,,,,,,,,,,,
,,,,,,,,,ARMC3,,,,,,,,,,,
,,,,,,,,,FAM81B,,,,,,,,,,,
,,,,,,,,,CCDC170,,,,,,,,,,,
,,,,,,,,,GLRA3,,,,,,,,,,,
,,,,,,,,,C11orf16,,,,,,,,,,,
,,,,,,,,,ZNF831,,,,,,,,,,,
,,,,,,,,,CCDC146,,,,,,,,,,,
,,,,,,,,,GADD45B,,,,,,,,,,,
,,,,,,,,,CFAP126,,,,,,,,,,,
,,,,,,,,,LINC00992,,,,,,,,,,,
,,,,,,,,,CABCOCO1,,,,,,,,,,,
,,,,,,,,,CCND1,,,,,,,,,,,
,,,,,,,,,CCDC39,,,,,,,,,,,
,,,,,,,,,DRC7,,,,,,,,,,,
,,,,,,,,,PCCA,,,,,,,,,,,
,,,,,,,,,TRDC,,,,,,,,,,,
,,,,,,,,,CFAP52,,,,,,,,,,,
,,,,,,,,,XBP1,,,,,,,,,,,
,,,,,,,,,TEKT1,,,,,,,,,,,
,,,,,,,,,ERICH3,,,,,,,,,,,
,,,,,,,,,CFAP77,,,,,,,,,,,
,,,,,,,,,RHOB,,,,,,,,,,,
,,,,,,,,,LAMP5,,,,,,,,,,,
,,,,,,,,,PSMD6,,,,,,,,,,,
,,,,,,,,,CRYBA4,,,,,,,,,,,
,,,,,,,,,SNTN,,,,,,,,,,,
,,,,,,,,,CAPS,,,,,,,,,,,
,,,,,,,,,RIIAD1,,,,,,,,,,,
,,,,,,,,,ADGRG2,,,,,,,,,,,
,,,,,,,,,SRGAP3-AS2,,,,,,,,,,,
,,,,,,,,,DBH-AS1,,,,,,,,,,,
,,,,,,,,,TUBA3D,,,,,,,,,,,
,,,,,,,,,DTHD1,,,,,,,,,,,
,,,,,,,,,DKK4,,,,,,,,,,,
,,,,,,,,,TRH,,,,,,,,,,,
,,,,,,,,,JUN,,,,,,,,,,,
,,,,,,,,,DPEP1,,,,,,,,,,,
,,,,,,,,,EDN3,,,,,,,,,,,
,,,,,,,,,KLK3,,,,,,,,,,,
,,,,,,,,,DBH,,,,,,,,,,,
,,,,,,,,,HSPB1,,,,,,,,,,,
,,,,,,,,,LGALS3,,,,,,,,,,,
,,,,,,,,,KRT19,,,,,,,,,,,
,,,,,,,,,MT-ND2,,,,,,,,,,,
,,,,,,,,,DSCAM-AS1,,,,,,,,,,,
,,,,,,,,,TFF1,,,,,,,,,,,
